player_name,age,team,position,games_played,minutes_per_game,fg_pct,fg3_pct,ft_pct,rebounds_per_game,assists_per_game,steals_per_game,blocks_per_game,turnovers_per_game,points_per_game
Luka Dončić,26.0,LAL,PG,64.0,35.8,0.476,0.366,0.78,7.7,8.3,1.6,0.5,4.0,33.5
Shai Gilgeous-Alexander,27.0,OKC,PG,68.0,33.2,0.553,0.386,0.879,4.3,6.6,1.4,0.8,2.2,31.1
Anthony Edwards,24.0,MIN,SG,61.0,35.0,0.489,0.399,0.796,5.0,3.7,1.4,0.8,2.9,28.8
Jaylen Brown,29.0,BOS,SF,71.0,34.4,0.477,0.347,0.795,6.9,5.1,1.0,0.4,3.6,28.7
Tyrese Maxey,25.0,PHI,PG,70.0,38.0,0.462,0.367,0.892,4.1,6.6,1.9,0.8,2.4,28.3
Kawhi Leonard,34.0,LAC,SF,65.0,32.1,0.505,0.387,0.892,6.4,3.6,1.9,0.4,2.0,27.9
Donovan Mitchell,29.0,CLE,SG,70.0,33.5,0.483,0.364,0.865,4.5,5.7,1.5,0.3,2.8,27.9
Nikola Jokić,30.0,DEN,C,65.0,34.8,0.569,0.38,0.831,12.9,10.7,1.4,0.8,3.7,27.7
Giannis Antetokounmpo,31.0,MIL,PF,36.0,28.9,0.624,0.333,0.65,9.8,5.4,0.9,0.7,3.2,27.6
Joel Embiid,31.0,PHI,C,38.0,31.6,0.489,0.333,0.854,7.7,3.9,0.6,1.2,2.9,26.9
Lauri Markkanen,28.0,UTA,PF,42.0,34.4,0.477,0.355,0.896,6.9,2.1,1.0,0.5,1.5,26.7
Stephen Curry,37.0,GSW,PG,43.0,30.9,0.468,0.393,0.923,3.6,4.7,1.1,0.4,2.8,26.6
Devin Booker,29.0,PHO,SG,64.0,33.5,0.456,0.33,0.873,3.9,6.0,0.8,0.3,3.1,26.1
Kevin Durant,37.0,HOU,SF,78.0,36.4,0.52,0.413,0.874,5.5,4.8,0.8,0.9,3.2,26.0
Jalen Brunson,29.0,NYK,PG,74.0,35.0,0.467,0.369,0.841,3.3,6.8,0.8,0.1,2.4,26.0
James Harden,36.0,LAC,PG,44.0,35.4,0.419,0.347,0.901,4.8,8.1,1.3,0.4,3.7,25.4
Jamal Murray,28.0,DEN,PG,75.0,35.4,0.483,0.435,0.887,4.4,7.1,0.9,0.4,2.3,25.4
Victor Wembanyama,22.0,SAS,C,64.0,29.2,0.512,0.349,0.827,11.5,3.1,1.0,3.1,2.4,25.0
Deni Avdija,25.0,POR,SF,66.0,33.3,0.462,0.318,0.802,6.9,6.7,0.8,0.6,3.8,24.2
Michael Porter Jr.,27.0,BRK,SF,52.0,32.5,0.463,0.363,0.859,7.1,3.0,1.1,0.3,2.3,24.2
Pascal Siakam,31.0,IND,PF,62.0,33.2,0.484,0.358,0.693,6.6,3.8,1.1,0.4,2.2,24.0
Cade Cunningham,24.0,DET,PG,64.0,33.9,0.461,0.342,0.812,5.5,9.9,1.4,0.8,3.7,23.9
Keyonte George,22.0,UTA,PG,54.0,33.1,0.456,0.371,0.892,3.7,6.1,1.1,0.3,3.1,23.6
James Harden,36.0,2TM,PG,70.0,34.8,0.434,0.375,0.884,4.8,8.0,1.1,0.4,3.5,23.6
Austin Reaves,27.0,LAL,SG,51.0,34.5,0.49,0.36,0.871,4.7,5.5,1.1,0.4,3.0,23.3
Jalen Johnson,24.0,ATL,SF,72.0,35.2,0.489,0.352,0.788,10.3,7.9,1.2,0.4,3.4,22.5
Jaren Jackson Jr.,26.0,UTA,C,3.0,24.0,0.49,0.333,0.875,4.3,2.7,2.0,0.3,2.3,22.3
Paolo Banchero,23.0,ORL,PF,72.0,34.8,0.459,0.305,0.775,8.4,5.2,0.7,0.6,3.1,22.2
Jayson Tatum,27.0,BOS,PF,16.0,32.6,0.411,0.329,0.823,10.0,5.3,1.4,0.2,2.4,21.8
Norman Powell,32.0,MIA,SG,58.0,29.6,0.47,0.38,0.827,3.5,2.5,1.1,0.2,1.9,21.7
Brandon Ingram,28.0,TOR,SF,77.0,33.8,0.477,0.382,0.82,5.6,3.7,0.8,0.7,2.4,21.5
Trey Murphy III,25.0,NOP,SF,66.0,35.5,0.47,0.379,0.886,5.7,3.8,1.5,0.4,1.8,21.5
Julius Randle,31.0,MIN,PF,79.0,33.0,0.481,0.315,0.802,6.7,5.0,1.1,0.2,2.7,21.1
Zion Williamson,25.0,NOP,PF,62.0,29.7,0.6,0.25,0.716,5.7,3.2,1.0,0.5,2.0,21.0
Cooper Flagg,19.0,DAL,SF,70.0,33.5,0.468,0.295,0.827,6.7,4.5,1.2,0.9,2.3,21.0
LeBron James,41.0,LAL,SF,60.0,33.2,0.515,0.317,0.737,6.1,7.2,1.2,0.6,3.0,20.9
Nickeil Alexander-Walker,27.0,ATL,SG,78.0,33.4,0.459,0.399,0.902,3.4,3.7,1.3,0.5,2.1,20.8
Shaedon Sharpe,22.0,POR,SG,50.0,29.4,0.452,0.337,0.787,4.3,2.6,1.4,0.1,2.9,20.8
Franz Wagner,24.0,ORL,SF,34.0,30.0,0.481,0.345,0.823,5.2,3.3,0.9,0.3,1.7,20.6
Tyler Herro,26.0,MIA,SG,33.0,31.3,0.48,0.378,0.917,4.8,4.1,0.7,0.4,1.9,20.5
James Harden,36.0,CLE,PG,26.0,33.8,0.466,0.435,0.84,4.8,7.7,0.8,0.5,3.2,20.5
Anthony Davis,32.0,DAL,PF,20.0,31.3,0.506,0.27,0.728,11.1,2.8,1.1,1.7,2.1,20.4
Alperen Şengün,23.0,HOU,C,72.0,33.3,0.519,0.305,0.691,8.9,6.2,1.2,1.1,3.2,20.4
Dillon Brooks,30.0,PHO,SF,56.0,30.4,0.435,0.344,0.842,3.6,1.8,1.0,0.2,1.8,20.2
Brandon Miller,23.0,CHO,SF,65.0,30.3,0.435,0.383,0.892,4.9,3.3,1.0,0.7,2.5,20.2
Desmond Bane,27.0,ORL,SG,82.0,33.6,0.484,0.391,0.908,4.1,4.1,1.0,0.5,2.0,20.1
Karl-Anthony Towns,30.0,NYK,C,75.0,31.0,0.501,0.368,0.858,11.9,3.0,0.9,0.5,2.5,20.1
Bam Adebayo,28.0,MIA,C,73.0,32.4,0.442,0.318,0.778,10.0,3.2,1.2,0.7,1.6,20.1
LaMelo Ball,24.0,CHO,PG,72.0,28.0,0.407,0.368,0.899,4.8,7.1,1.2,0.2,2.8,20.1
Jimmy Butler,36.0,GSW,SF,38.0,31.1,0.519,0.376,0.864,5.6,4.9,1.4,0.2,1.6,20.0
Darius Garland,26.0,LAC,PG,19.0,29.1,0.471,0.438,0.86,2.3,6.4,1.2,0.3,3.0,19.9
Ty Jerome,28.0,MEM,SG,15.0,22.6,0.474,0.42,0.875,2.8,5.7,1.1,0.3,1.8,19.7
Jalen Duren,22.0,DET,C,70.0,28.2,0.65,,0.747,10.5,2.0,0.8,0.8,1.9,19.5
Ja Morant,26.0,MEM,PG,20.0,28.5,0.41,0.235,0.897,3.3,8.1,1.0,0.3,3.6,19.5
Jaren Jackson Jr.,26.0,2TM,C,48.0,30.3,0.476,0.357,0.803,5.7,2.0,1.1,1.4,2.2,19.4
Trae Young,27.0,ATL,PG,10.0,28.0,0.415,0.305,0.863,1.5,8.9,1.0,0.1,2.6,19.3
RJ Barrett,25.0,TOR,SF,57.0,30.3,0.491,0.339,0.717,5.3,3.3,0.7,0.3,1.7,19.3
Zach LaVine,30.0,SAC,SG,39.0,31.4,0.479,0.39,0.88,2.8,2.3,0.7,0.3,1.9,19.2
Jaren Jackson Jr.,26.0,MEM,C,45.0,30.7,0.475,0.359,0.797,5.8,1.9,1.0,1.5,2.2,19.2
Darius Garland,26.0,2TM,PG,45.0,29.9,0.46,0.396,0.861,2.4,6.7,1.0,0.2,2.9,18.8
CJ McCollum,34.0,WAS,SG,35.0,30.9,0.454,0.393,0.804,3.5,3.6,0.7,0.3,1.7,18.8
CJ McCollum,34.0,2TM,PG,76.0,29.8,0.455,0.375,0.772,3.3,3.9,0.8,0.5,1.8,18.7
CJ McCollum,34.0,ATL,PG,41.0,28.8,0.456,0.357,0.748,3.1,4.1,1.0,0.6,1.9,18.7
De'Aaron Fox,28.0,SAS,PG,72.0,31.0,0.486,0.332,0.76,3.8,6.2,1.2,0.3,2.3,18.6
Jerami Grant,31.0,POR,PF,57.0,29.7,0.453,0.389,0.814,3.5,2.1,0.7,0.6,2.1,18.6
Coby White,25.0,CHI,SG,29.0,29.1,0.438,0.346,0.805,3.7,4.7,0.7,0.1,3.0,18.6
Kon Knueppel,20.0,CHO,SF,81.0,31.5,0.475,0.425,0.863,5.3,3.4,0.7,0.2,2.0,18.5
DeMar DeRozan,36.0,SAC,PF,77.0,31.2,0.497,0.32,0.868,2.9,4.1,1.0,0.3,1.2,18.4
Amen Thompson,23.0,HOU,PG,79.0,37.4,0.534,0.216,0.779,7.8,5.3,1.5,0.6,2.4,18.3
Evan Mobley,24.0,CLE,PF,65.0,31.9,0.546,0.297,0.606,9.0,3.6,0.7,1.7,1.9,18.2
Scottie Barnes,24.0,TOR,PF,80.0,33.5,0.507,0.304,0.815,7.5,5.9,1.4,1.5,2.6,18.1
Darius Garland,26.0,CLE,PG,26.0,30.5,0.451,0.36,0.861,2.4,6.9,0.8,0.1,2.8,18.0
Trae Young,27.0,2TM,PG,15.0,25.6,0.458,0.338,0.825,2.0,8.0,0.9,0.1,2.6,17.9
Jalen Green,23.0,PHO,SG,32.0,25.9,0.422,0.313,0.747,3.6,2.8,1.1,0.3,2.3,17.8
Bennedict Mathurin,23.0,IND,SF,28.0,31.8,0.433,0.372,0.884,5.4,2.3,0.6,0.1,2.3,17.8
Saddiq Bey,26.0,NOP,SF,72.0,31.2,0.451,0.367,0.841,5.6,2.5,0.9,0.1,0.9,17.7
Bennedict Mathurin,23.0,2TM,SF,54.0,30.0,0.43,0.315,0.869,5.4,2.4,0.8,0.2,2.2,17.6
Collin Sexton,27.0,CHI,SG,26.0,26.0,0.482,0.41,0.822,2.9,2.5,1.5,0.1,2.0,17.5
Coby White,25.0,2TM,SG,50.0,25.0,0.446,0.362,0.817,3.4,4.0,0.5,0.1,2.6,17.4
Kevin Porter Jr.,25.0,MIL,PG,38.0,33.2,0.465,0.322,0.878,5.2,7.4,2.2,0.5,2.9,17.4
Bennedict Mathurin,23.0,LAC,SF,26.0,28.0,0.426,0.207,0.858,5.5,2.5,1.0,0.3,2.1,17.4
Ryan Rollins,23.0,MIL,PG,74.0,32.1,0.472,0.406,0.796,4.6,5.6,1.5,0.4,2.7,17.3
Paul George,35.0,PHI,PF,37.0,30.7,0.439,0.392,0.82,5.3,3.6,1.7,0.4,1.7,17.3
Kristaps Porziņģis,30.0,ATL,C,17.0,24.3,0.457,0.36,0.84,5.1,2.7,0.5,1.3,0.9,17.1
Miles Bridges,27.0,CHO,PF,77.0,31.0,0.46,0.333,0.822,5.8,3.2,0.6,0.4,1.4,17.1
Chet Holmgren,23.0,OKC,PF,69.0,28.9,0.557,0.362,0.792,8.9,1.7,0.6,1.9,1.6,17.1
Jalen Williams,24.0,OKC,SG,33.0,28.4,0.484,0.299,0.837,4.6,5.5,1.2,0.3,1.9,17.1
Josh Giddey,23.0,CHI,PG,54.0,32.1,0.448,0.364,0.763,8.3,9.1,1.0,0.5,3.6,17.0
Payton Pritchard,28.0,BOS,PG,79.0,32.4,0.464,0.377,0.89,3.9,5.2,0.7,0.1,1.4,17.0
Nikola Vučević,35.0,CHI,C,48.0,30.8,0.505,0.376,0.838,9.0,3.8,0.7,0.6,1.4,16.9
Andrew Nembhard,26.0,IND,PG,57.0,31.3,0.442,0.361,0.825,2.8,7.7,0.9,0.1,2.4,16.9
Stephon Castle,21.0,SAS,PG,68.0,30.0,0.471,0.332,0.734,5.3,7.4,1.1,0.3,3.2,16.7
Dejounte Murray,29.0,NOP,PG,14.0,27.8,0.484,0.306,0.867,5.4,6.4,1.6,0.2,3.4,16.7
Kristaps Porziņģis,30.0,2TM,C,32.0,24.0,0.446,0.338,0.842,5.2,2.5,0.6,1.2,1.3,16.7
OG Anunoby,28.0,NYK,PF,67.0,33.2,0.484,0.386,0.828,5.2,2.2,1.6,0.7,1.8,16.7
Grayson Allen,30.0,PHO,SG,51.0,28.8,0.403,0.349,0.857,3.0,3.8,1.4,0.3,1.6,16.5
Derrick White,31.0,BOS,SG,77.0,34.1,0.394,0.327,0.902,4.4,5.4,1.1,1.3,1.7,16.5
Immanuel Quickley,26.0,TOR,PG,70.0,31.9,0.443,0.374,0.821,4.0,5.9,1.3,0.1,1.5,16.4
Matas Buzelis,21.0,CHI,PF,77.0,29.2,0.463,0.349,0.786,5.8,2.1,0.7,1.5,2.1,16.3
Jrue Holiday,35.0,POR,PG,53.0,29.4,0.451,0.378,0.838,4.6,6.1,1.0,0.1,2.8,16.3
Alex Sarr,20.0,WAS,C,48.0,27.2,0.482,0.333,0.692,7.4,2.7,0.8,2.0,1.7,16.3
Dariq Whitehead,21.0,MEM,SF,6.0,30.5,0.398,0.317,0.714,4.0,1.5,0.7,0.0,1.7,16.3
Aaron Gordon,30.0,DEN,PF,36.0,27.9,0.497,0.389,0.767,5.8,2.7,0.6,0.3,1.1,16.2
Kristaps Porziņģis,30.0,GSW,C,15.0,23.7,0.433,0.311,0.844,5.3,2.3,0.6,1.1,1.7,16.1
VJ Edgecombe,20.0,PHI,SG,75.0,35.0,0.438,0.354,0.818,5.6,4.2,1.4,0.5,1.8,16.0
Domantas Sabonis,29.0,SAC,C,19.0,29.7,0.543,0.185,0.727,11.4,4.1,0.9,0.2,2.7,15.8
Jabari Smith Jr.,22.0,HOU,PF,77.0,35.1,0.45,0.363,0.775,6.9,1.9,0.7,0.9,1.4,15.8
Cam Thomas,24.0,BRK,SG,24.0,24.3,0.399,0.325,0.843,1.8,3.1,0.2,0.1,2.0,15.6
Coby White,25.0,CHO,SG,21.0,19.3,0.461,0.391,0.839,3.0,3.0,0.2,0.1,1.9,15.6
Collin Sexton,27.0,2TM,SG,68.0,23.7,0.485,0.401,0.855,2.3,3.3,1.1,0.1,2.1,15.4
Jarrett Allen,27.0,CLE,C,56.0,27.1,0.638,0.1,0.709,8.5,1.8,1.0,0.8,1.3,15.4
Jaime Jaquez Jr.,24.0,MIA,SF,75.0,28.3,0.507,0.317,0.769,5.0,4.7,0.7,0.3,2.0,15.4
Andrew Wiggins,30.0,MIA,SF,68.0,30.3,0.475,0.414,0.784,4.8,2.7,1.1,1.0,1.5,15.4
Anfernee Simons,26.0,CHI,SG,6.0,28.3,0.438,0.32,1.0,2.8,3.0,0.0,0.3,2.2,15.2
Russell Westbrook,37.0,SAC,SF,64.0,29.0,0.427,0.338,0.694,5.4,6.7,1.3,0.2,3.3,15.2
Onyeka Okongwu,25.0,ATL,C,74.0,31.0,0.48,0.376,0.757,7.6,3.1,1.1,1.1,1.7,15.2
Trae Young,27.0,WAS,PG,5.0,20.8,0.595,0.429,0.708,3.0,6.2,0.6,0.2,2.6,15.2
Naji Marshall,28.0,DAL,SF,74.0,29.5,0.51,0.291,0.76,4.7,3.3,1.1,0.1,1.6,15.2
Nikola Vučević,35.0,2TM,C,64.0,28.4,0.493,0.369,0.828,8.4,3.3,0.6,0.6,1.3,15.1
Anthony Black,22.0,ORL,PG,64.0,29.8,0.447,0.333,0.732,3.8,3.7,1.4,0.7,2.1,15.0
Kennedy Chandler,23.0,UTA,PG,11.0,32.3,0.445,0.395,0.651,3.4,6.7,1.0,0.2,2.1,15.0
Ayo Dosunmu,26.0,CHI,SG,45.0,26.4,0.514,0.451,0.857,3.0,3.6,0.8,0.3,1.4,15.0
Brice Sensabaugh,22.0,UTA,SF,75.0,23.5,0.46,0.367,0.826,3.1,1.9,0.7,0.2,1.7,14.9
Jaden McDaniels,25.0,MIN,PF,73.0,31.7,0.515,0.412,0.835,4.2,2.7,1.1,1.0,1.8,14.8
Kyshawn George,22.0,WAS,SF,48.0,29.0,0.438,0.381,0.802,5.1,4.5,1.0,0.9,2.6,14.8
Ayo Dosunmu,26.0,2TM,SG,69.0,27.3,0.517,0.439,0.876,3.4,3.6,0.8,0.3,1.4,14.8
Peyton Watson,23.0,DEN,SF,54.0,29.6,0.491,0.411,0.73,4.9,2.1,0.9,1.1,1.7,14.6
Ayo Dosunmu,26.0,MIN,SG,24.0,28.9,0.521,0.414,0.925,4.2,3.5,1.0,0.3,1.5,14.4
Mikal Bridges,29.0,NYK,SF,82.0,32.8,0.49,0.371,0.827,3.8,3.7,1.3,0.8,1.0,14.4
Walker Kessler,24.0,UTA,C,5.0,30.8,0.703,0.75,0.7,10.8,3.0,1.4,1.8,3.2,14.4
Ivica Zubac,28.0,LAC,C,43.0,30.9,0.613,,0.705,11.0,2.2,0.4,0.8,1.9,14.4
Anfernee Simons,26.0,2TM,SG,55.0,24.9,0.44,0.385,0.896,2.5,2.4,0.5,0.1,1.2,14.3
Jeremiah Fears,19.0,NOP,PG,82.0,25.8,0.434,0.33,0.789,3.7,3.4,1.2,0.4,2.2,14.3
Cormac Ryan,27.0,MIL,SG,11.0,24.6,0.52,0.458,0.923,2.5,1.7,1.0,0.3,1.5,14.3
Scoot Henderson,21.0,POR,PG,30.0,24.9,0.418,0.352,0.84,2.7,3.7,0.9,0.3,2.4,14.2
P.J. Washington,27.0,DAL,PF,56.0,31.0,0.45,0.325,0.687,7.0,1.8,1.0,1.1,1.7,14.2
Anfernee Simons,26.0,BOS,SG,49.0,24.5,0.44,0.395,0.889,2.4,2.4,0.6,0.1,1.1,14.2
Collin Sexton,27.0,CHO,SG,42.0,22.3,0.488,0.393,0.877,1.9,3.7,0.9,0.2,2.1,14.2
Ivica Zubac,28.0,2TM,C,48.0,30.1,0.598,,0.711,10.6,2.2,0.4,0.8,1.8,14.1
Tre Jones,26.0,CHI,PG,65.0,27.0,0.553,0.315,0.841,3.1,5.4,1.2,0.2,1.4,14.1
Kelly Oubre Jr.,30.0,PHI,SF,50.0,31.5,0.467,0.36,0.766,5.0,1.6,1.4,0.5,1.4,14.1
Santi Aldama,25.0,MEM,PF,43.0,27.9,0.479,0.35,0.667,6.7,2.9,0.9,0.7,1.3,14.0
Keegan Murray,25.0,SAC,PF,23.0,34.5,0.42,0.277,0.776,5.7,1.7,1.0,1.6,1.2,14.0
De'Andre Hunter,28.0,CLE,SF,43.0,26.2,0.423,0.308,0.869,4.2,2.1,0.7,0.1,1.7,14.0
Devin Vassell,25.0,SAS,SG,67.0,30.5,0.437,0.384,0.815,4.0,2.5,0.9,0.4,0.9,13.9
Brandin Podziemski,22.0,GSW,SG,82.0,28.5,0.455,0.371,0.797,5.1,3.7,1.1,0.2,1.6,13.8
Jalen Suggs,24.0,ORL,PG,57.0,27.6,0.435,0.339,0.855,3.9,5.5,1.8,0.7,2.7,13.8
Ace Bailey,19.0,UTA,SF,72.0,27.6,0.443,0.344,0.75,4.2,1.8,0.8,0.7,1.5,13.8
Aaron Nesmith,26.0,IND,SF,45.0,29.7,0.414,0.379,0.829,4.2,1.9,0.6,0.5,1.4,13.8
De'Andre Hunter,28.0,2TM,SF,45.0,26.1,0.415,0.305,0.867,4.1,2.0,0.7,0.1,1.7,13.7
Bobby Portis,30.0,MIL,PF,67.0,24.2,0.488,0.456,0.706,6.4,1.6,0.6,0.2,1.0,13.7
Cedric Coward,22.0,MEM,SG,62.0,25.8,0.471,0.338,0.843,5.9,2.8,0.6,0.4,1.7,13.6
Ajay Mitchell,23.0,OKC,SG,57.0,25.8,0.485,0.347,0.87,3.3,3.6,1.2,0.3,1.4,13.6
Zach Edey,23.0,MEM,C,11.0,25.8,0.633,0.2,0.781,11.1,1.1,0.6,1.9,2.4,13.6
Naz Reid,26.0,MIN,C,77.0,26.1,0.456,0.362,0.732,6.2,2.2,1.0,1.0,1.6,13.6
John Collins,28.0,LAC,PF,69.0,27.1,0.552,0.406,0.766,5.3,1.0,0.9,0.7,1.4,13.6
Reed Sheppard,21.0,HOU,SG,82.0,26.2,0.43,0.394,0.802,2.9,3.4,1.5,0.7,1.5,13.5
Cam Thomas,24.0,2TM,SG,42.0,21.0,0.41,0.31,0.811,1.7,2.6,0.2,0.1,1.8,13.5
Tim Hardaway Jr.,33.0,DEN,SG,80.0,26.6,0.447,0.407,0.811,2.6,1.4,0.5,0.1,0.5,13.5
Jordan Poole,26.0,NOP,PG,39.0,23.9,0.372,0.333,0.86,2.0,3.1,0.6,0.4,1.8,13.4
Quentin Grimes,25.0,PHI,SG,75.0,29.4,0.45,0.334,0.84,3.6,3.3,0.9,0.4,1.8,13.4
Toumani Camara,25.0,POR,PF,82.0,33.3,0.44,0.37,0.708,5.1,2.5,1.1,0.4,1.8,13.4
Tobias Harris,33.0,DET,PF,63.0,27.7,0.469,0.368,0.866,5.1,2.5,0.9,0.4,1.0,13.3
Keldon Johnson,26.0,SAS,SF,82.0,23.3,0.519,0.363,0.794,5.4,1.4,0.6,0.1,0.9,13.2
Jaylon Tyson,23.0,CLE,SG,66.0,26.9,0.493,0.446,0.738,5.1,2.2,0.8,0.4,1.5,13.2
Kyle Kuzma,30.0,MIL,PF,69.0,26.2,0.492,0.347,0.726,4.5,2.7,0.7,0.4,1.7,13.0
Brandon Williams,26.0,DAL,PG,66.0,22.2,0.472,0.232,0.793,2.9,3.9,0.9,0.3,1.9,13.0
Dennis Schröder,32.0,SAC,PG,40.0,26.4,0.408,0.343,0.82,3.1,5.3,0.8,0.2,2.0,12.8
Sam Merrill,29.0,CLE,SG,52.0,26.5,0.461,0.421,0.855,2.6,2.4,0.6,0.1,0.8,12.8
Collin Gillespie,26.0,PHO,PG,80.0,28.5,0.418,0.401,0.874,4.1,4.6,1.2,0.2,1.6,12.7
Jaden Hardy,23.0,WAS,SG,23.0,20.4,0.443,0.42,0.686,1.7,1.3,0.3,0.2,1.5,12.6
Deandre Ayton,27.0,LAL,C,72.0,27.2,0.671,,0.645,8.0,0.8,0.6,1.0,1.2,12.5
GG Jackson II,21.0,MEM,PF,55.0,21.4,0.496,0.332,0.742,4.3,1.5,0.6,0.8,1.5,12.5
Malik Monk,27.0,SAC,SG,62.0,22.0,0.438,0.395,0.879,1.9,3.0,0.6,0.4,1.5,12.5
Maxime Raynaud,22.0,SAC,C,74.0,26.5,0.571,0.324,0.786,7.5,1.4,0.5,0.5,1.3,12.5
Jaylen Wells,22.0,MEM,SG,69.0,26.4,0.431,0.353,0.784,3.2,1.6,0.9,0.1,1.1,12.5
De'Anthony Melton,27.0,GSW,PG,49.0,23.0,0.407,0.294,0.826,3.2,2.6,1.6,0.4,1.9,12.3
Noah Clowney,21.0,BRK,PF,66.0,27.0,0.396,0.329,0.804,4.1,1.6,0.8,0.7,1.5,12.3
Jonathan Kuminga,23.0,ATL,PF,16.0,22.1,0.476,0.346,0.702,5.3,2.1,0.9,0.3,1.3,12.3
Max Christie,22.0,DAL,SG,77.0,29.1,0.441,0.404,0.899,3.2,2.0,0.6,0.4,1.2,12.3
Cameron Johnson,29.0,DEN,SF,54.0,30.5,0.48,0.43,0.839,3.8,2.4,0.7,0.4,0.9,12.2
Rayan Rupert,21.0,MEM,SG,16.0,30.9,0.422,0.338,0.825,6.4,2.1,1.6,0.4,1.7,12.2
Duncan Robinson,31.0,DET,SF,77.0,27.4,0.456,0.41,0.755,2.7,2.1,0.6,0.3,0.7,12.2
Tre Johnson,19.0,WAS,SG,60.0,24.1,0.419,0.358,0.874,2.8,2.0,0.6,0.3,1.6,12.2
Donte DiVincenzo,29.0,MIN,SG,82.0,30.4,0.406,0.379,0.743,4.1,3.8,1.3,0.4,1.4,12.2
Jonathan Kuminga,23.0,2TM,PF,36.0,23.1,0.463,0.333,0.724,5.6,2.3,0.6,0.3,1.9,12.2
Jonathan Kuminga,23.0,GSW,PF,20.0,23.8,0.454,0.321,0.742,5.9,2.5,0.4,0.3,2.3,12.1
Donovan Clingan,21.0,POR,C,77.0,27.2,0.52,0.341,0.68,11.6,2.1,0.6,1.7,1.2,12.1
Moses Moody,23.0,GSW,SG,60.0,25.7,0.44,0.401,0.77,3.3,1.6,1.0,0.6,1.0,12.1
Tristen Newton,24.0,HOU,SG,1.0,12.0,0.444,0.4,0.667,3.0,0.0,1.0,0.0,0.0,12.0
Christian Braun,24.0,DEN,SG,44.0,31.8,0.519,0.301,0.782,4.8,2.7,0.7,0.3,1.0,12.0
Josh Hart,30.0,NYK,SF,66.0,30.2,0.508,0.413,0.72,7.4,4.8,1.1,0.3,1.9,12.0
Miles McBride,25.0,NYK,SG,41.0,26.3,0.423,0.413,0.787,2.4,2.6,0.9,0.2,0.8,12.0
Dyson Daniels,22.0,ATL,SG,76.0,33.2,0.517,0.188,0.615,6.8,5.9,2.0,0.4,1.8,11.9
Blake Hinson,26.0,UTA,SF,14.0,20.4,0.513,0.468,0.75,2.4,1.1,0.4,0.1,0.4,11.9
Myles Turner,29.0,MIL,C,71.0,26.9,0.44,0.383,0.74,5.3,1.5,0.7,1.6,1.2,11.9
Julian Reese,22.0,WAS,PF,13.0,30.9,0.529,,0.636,10.5,1.8,1.4,0.6,2.5,11.8
Dylan Harper,19.0,SAS,SG,69.0,22.6,0.505,0.343,0.756,3.4,3.9,0.8,0.3,1.4,11.8
Wendell Carter Jr.,26.0,ORL,C,78.0,29.3,0.512,0.319,0.792,7.4,2.0,0.8,0.6,1.3,11.8
Bilal Coulibaly,21.0,WAS,SG,56.0,26.2,0.425,0.319,0.746,4.3,2.6,1.3,1.0,1.4,11.7
Mark Williams,24.0,PHO,C,60.0,23.6,0.644,1.0,0.771,8.0,1.0,0.9,0.9,1.1,11.7
Klay Thompson,35.0,DAL,SF,69.0,21.7,0.393,0.383,0.766,2.1,1.4,0.5,0.3,0.9,11.7
Derik Queen,21.0,NOP,C,81.0,25.0,0.473,0.261,0.795,7.1,3.7,1.0,0.9,2.3,11.7
Isaiah Collier,21.0,UTA,PG,59.0,25.7,0.495,0.27,0.722,2.5,7.2,1.1,0.3,2.5,11.7
Nic Claxton,26.0,BRK,C,69.0,27.8,0.571,0.158,0.616,6.9,3.7,0.7,1.1,1.4,11.7
Leonard Miller,22.0,CHI,SF,27.0,23.1,0.555,0.356,0.762,5.8,1.3,0.5,0.6,1.0,11.7
Ivica Zubac,28.0,IND,C,5.0,23.6,0.472,,0.8,7.2,1.8,0.4,0.8,0.8,11.6
Obi Toppin,27.0,IND,PF,24.0,17.7,0.503,0.352,0.913,4.4,2.3,0.5,0.0,1.2,11.6
Jarace Walker,22.0,IND,PF,76.0,25.7,0.419,0.374,0.749,5.1,2.5,0.8,0.3,1.8,11.6
Rui Hachimura,27.0,LAL,PF,68.0,28.3,0.514,0.443,0.694,3.3,0.8,0.6,0.3,0.6,11.5
Jaden Ivey,23.0,CHI,SG,4.0,28.8,0.417,0.381,0.889,4.8,4.0,2.0,0.5,1.5,11.5
Scotty Pippen Jr.,25.0,MEM,PG,10.0,21.2,0.448,0.313,0.783,2.2,4.7,1.9,0.4,2.7,11.4
Pelle Larsson,24.0,MIA,SG,70.0,26.4,0.496,0.323,0.797,3.5,3.4,0.7,0.2,1.4,11.4
Kyle Filipowski,22.0,UTA,C,77.0,23.4,0.492,0.325,0.75,7.2,2.6,0.9,0.5,1.6,11.4
Jock Landale,30.0,MEM,C,45.0,23.6,0.514,0.38,0.674,6.5,1.7,0.6,0.5,1.0,11.3
Sandro Mamukelashvili,26.0,TOR,C,80.0,21.9,0.523,0.389,0.747,4.9,1.9,0.8,0.5,0.8,11.2
Max Strus,29.0,CLE,SF,12.0,24.0,0.443,0.402,0.778,5.4,2.0,0.3,0.0,0.8,11.2
Julian Champagnie,24.0,SAS,SF,82.0,27.6,0.437,0.381,0.844,5.8,1.5,0.8,0.5,0.8,11.1
Isaiah Joe,26.0,OKC,SG,71.0,21.2,0.455,0.423,0.894,2.5,1.3,0.7,0.2,0.6,11.1
Cam Spencer,25.0,MEM,SG,72.0,23.8,0.473,0.449,0.94,2.5,5.6,0.7,0.2,1.3,11.1
Kel'el Ware,21.0,MIA,C,77.0,22.1,0.53,0.395,0.74,9.0,0.7,0.8,1.1,0.8,11.1
Marvin Bagley III,26.0,DAL,PF,22.0,21.4,0.606,0.485,0.553,6.8,1.3,0.4,0.7,0.8,11.0
Keshon Gilbert,22.0,ATL,SG,1.0,26.0,0.5,0.0,1.0,0.0,9.0,1.0,0.0,2.0,11.0
Alondes Williams,26.0,WAS,SG,4.0,25.3,0.615,0.357,0.875,6.3,3.0,0.8,0.8,1.3,11.0
Ousmane Dieng,22.0,MIL,C,30.0,26.8,0.423,0.331,0.667,4.6,3.6,0.8,0.3,2.2,11.0
Jusuf Nurkić,31.0,UTA,C,41.0,26.4,0.503,0.352,0.549,10.4,4.8,1.3,0.5,2.5,10.9
Rudy Gobert,33.0,MIN,C,76.0,31.3,0.682,0.0,0.526,11.5,1.7,0.8,1.6,1.4,10.9
Kevin Huerter,27.0,CHI,SF,44.0,23.6,0.455,0.314,0.732,3.8,2.6,0.8,0.6,1.1,10.9
Tyler Burton,25.0,MEM,SF,12.0,25.6,0.375,0.333,0.852,4.2,1.0,0.9,0.3,0.9,10.8
Daeqwon Plowden,27.0,SAC,SG,32.0,26.4,0.43,0.333,0.857,3.0,1.3,0.7,0.2,0.8,10.8
Dennis Schröder,32.0,2TM,PG,70.0,24.2,0.405,0.329,0.834,2.7,4.9,0.8,0.2,1.8,10.8
Josh Minott,23.0,BRK,SF,16.0,19.3,0.491,0.395,0.8,2.5,0.8,1.3,0.8,1.4,10.8
Bub Carrington,20.0,WAS,PG,82.0,27.7,0.424,0.408,0.73,3.4,4.6,0.6,0.2,2.3,10.7
Jakob Poeltl,30.0,TOR,C,46.0,25.0,0.7,,0.602,7.0,2.0,0.9,0.7,1.2,10.7
Cam Thomas,24.0,MIL,SG,18.0,16.6,0.431,0.275,0.754,1.6,1.9,0.3,0.1,1.4,10.7
Taylor Hendricks,22.0,MEM,PF,26.0,24.1,0.463,0.342,0.65,4.7,1.2,1.4,0.8,1.2,10.6
Jock Landale,30.0,2TM,C,68.0,22.1,0.515,0.383,0.635,5.7,1.7,0.5,0.5,0.9,10.6
Charles Bassey,25.0,GSW,C,5.0,20.0,0.677,,0.846,7.2,1.0,0.4,1.4,0.8,10.6
Tari Eason,24.0,HOU,PF,60.0,25.8,0.416,0.358,0.776,6.3,1.5,1.2,0.5,1.4,10.5
Marvin Bagley III,26.0,2TM,PF,60.0,20.0,0.618,0.462,0.66,6.1,1.4,0.5,0.7,1.0,10.5
A.J. Green,26.0,MIL,SG,78.0,29.1,0.424,0.419,0.855,2.7,1.9,0.5,0.1,1.0,10.4
Adama-Alpha Bal,22.0,MEM,SG,8.0,30.1,0.412,0.409,0.9,3.1,2.4,1.1,0.1,0.8,10.4
Caleb Love,24.0,POR,SG,49.0,20.7,0.388,0.318,0.735,2.3,2.5,0.6,0.1,1.3,10.4
Lucas Williamson,27.0,MEM,SG,7.0,32.0,0.333,0.283,1.0,5.4,2.6,1.6,0.1,1.4,10.4
Jared McCain,21.0,OKC,SG,30.0,18.0,0.462,0.391,0.853,2.1,0.9,0.4,0.1,0.9,10.4
DaQuan Jeffries,28.0,SAC,SG,3.0,20.0,0.579,0.444,1.0,1.7,0.3,0.7,0.0,0.0,10.3
Egor Dёmin,19.0,BRK,PG,52.0,25.2,0.399,0.385,0.831,3.2,3.3,0.8,0.3,1.7,10.3
Khris Middleton,34.0,WAS,SF,34.0,24.3,0.433,0.333,0.841,3.9,3.3,0.8,0.3,1.7,10.3
Will Riley,19.0,WAS,SF,74.0,22.1,0.439,0.316,0.8,2.9,2.0,0.7,0.1,1.3,10.3
Jalen Smith,25.0,CHI,C,53.0,20.7,0.483,0.373,0.742,6.7,1.2,0.5,0.8,1.0,10.2
D'Angelo Russell,29.0,DAL,PG,26.0,19.0,0.405,0.295,0.717,2.3,4.0,0.5,0.1,1.9,10.2
Neemias Queta,26.0,BOS,C,76.0,25.3,0.653,0.125,0.703,8.4,1.7,0.8,1.3,1.0,10.2
Khris Middleton,34.0,2TM,SF,63.0,22.8,0.42,0.36,0.875,3.7,2.8,0.7,0.1,1.7,10.2
Ziaire Williams,24.0,BRK,SF,56.0,22.9,0.425,0.343,0.85,2.4,1.1,1.4,0.4,1.1,10.2
Precious Achiuwa,26.0,SAC,C,73.0,23.9,0.528,0.278,0.554,6.7,1.4,0.9,0.7,0.9,10.1
Derrick Jones Jr.,28.0,LAC,SF,50.0,27.0,0.499,0.359,0.763,3.5,1.4,0.9,1.0,0.8,10.1
Marvin Bagley III,26.0,WAS,PF,38.0,19.2,0.626,0.421,0.711,5.7,1.5,0.5,0.7,1.2,10.1
Guerschon Yabusele,30.0,CHI,C,26.0,24.7,0.405,0.383,0.767,5.7,1.7,0.8,0.4,1.0,10.0
Isaiah Stewart,24.0,DET,C,58.0,22.7,0.55,0.333,0.756,5.0,1.1,0.3,1.6,1.2,10.0
Khris Middleton,34.0,DAL,SF,29.0,21.1,0.404,0.391,0.91,3.3,2.2,0.5,0.0,1.8,10.0
Kevin Huerter,27.0,2TM,SF,69.0,22.4,0.451,0.308,0.775,3.5,2.6,0.9,0.5,1.0,10.0
Jordan Miller,26.0,LAC,SF,60.0,22.1,0.531,0.345,0.777,3.0,2.3,0.8,0.2,1.1,10.0
Toby Okani,24.0,MEM,SG,6.0,36.2,0.357,0.29,0.125,3.5,1.0,0.7,0.5,0.5,10.0
Olivier-Maxence Prosper,23.0,MEM,PF,53.0,18.6,0.549,0.405,0.754,3.5,1.0,0.8,0.2,0.9,10.0
Harrison Barnes,33.0,SAS,PF,77.0,25.8,0.456,0.388,0.829,2.8,1.9,0.6,0.2,0.8,9.9
Tristan Da Silva,24.0,ORL,SF,77.0,24.7,0.45,0.374,0.884,3.7,1.6,0.9,0.3,0.9,9.9
Ausar Thompson,23.0,DET,SF,73.0,26.0,0.525,0.25,0.571,5.7,3.1,2.0,0.9,1.5,9.9
Royce O'Neale,32.0,PHO,SF,78.0,28.4,0.421,0.408,0.711,4.8,2.7,1.1,0.4,1.3,9.8
Walter Clayton,22.0,MEM,PG,24.0,25.0,0.366,0.307,0.864,2.1,5.7,0.8,0.3,2.5,9.7
Javon Small,23.0,MEM,PG,41.0,20.2,0.465,0.423,0.829,3.1,3.7,0.8,0.2,1.4,9.7
Micah Potter,27.0,IND,C,47.0,19.3,0.515,0.423,0.842,5.0,1.5,0.5,0.3,1.0,9.7
Nikola Vučević,35.0,BOS,C,16.0,21.1,0.439,0.34,0.789,6.6,2.0,0.4,0.6,1.0,9.7
Zach Collins,28.0,CHI,C,10.0,18.4,0.578,0.429,0.7,5.6,1.5,0.2,0.4,1.0,9.7
Zaccharie Risacher,20.0,ATL,SF,67.0,22.4,0.455,0.368,0.644,3.8,1.1,0.9,0.5,0.9,9.6
Rob Dillingham,21.0,CHI,PG,30.0,21.5,0.428,0.3,0.743,3.0,2.8,0.9,0.1,2.1,9.6
Jay Huff,27.0,IND,C,82.0,21.0,0.476,0.319,0.828,4.0,1.5,0.5,1.9,0.9,9.5
Daniel Gafford,27.0,DAL,C,55.0,21.7,0.655,,0.683,6.9,1.1,0.8,1.3,1.1,9.5
T.J. McConnell,33.0,IND,PG,56.0,17.2,0.538,0.32,0.862,2.2,5.1,1.0,0.2,1.1,9.4
Svi Mykhailiuk,28.0,UTA,SF,50.0,23.1,0.478,0.408,0.893,2.5,1.9,0.5,0.1,0.8,9.4
Kobe Brown,26.0,IND,PF,27.0,24.7,0.503,0.433,0.788,4.9,2.0,0.5,0.4,1.4,9.4
Nick Richards,28.0,CHI,C,20.0,22.4,0.523,0.278,0.63,7.6,0.4,0.3,0.9,1.7,9.4
Aaron Wiggins,27.0,OKC,SG,65.0,21.8,0.431,0.356,0.736,3.1,1.7,0.9,0.4,1.2,9.4
Kyle Anderson,32.0,MEM,SF,4.0,22.3,0.789,1.0,0.75,3.5,0.8,1.5,1.0,1.8,9.3
Isaac Okoro,25.0,CHI,SG,63.0,26.9,0.46,0.33,0.795,2.7,1.6,0.7,0.5,0.7,9.3
Daniss Jenkins,24.0,DET,PG,72.0,20.2,0.408,0.374,0.832,2.3,3.9,0.9,0.2,1.6,9.3
Davion Mitchell,27.0,MIA,PG,70.0,28.6,0.49,0.395,0.646,2.7,6.5,1.0,0.2,1.5,9.3
Landry Shamet,28.0,NYK,SG,51.0,23.0,0.437,0.392,0.711,1.8,1.4,0.6,0.2,0.6,9.3
Marcus Smart,31.0,LAL,SG,62.0,28.5,0.395,0.331,0.822,2.8,3.0,1.4,0.4,1.5,9.3
Taurean Prince,31.0,MIL,SF,26.0,23.5,0.45,0.436,1.0,3.1,1.8,0.6,0.2,1.2,9.2
Corey Kispert,26.0,ATL,SF,39.0,18.2,0.455,0.354,0.81,2.3,1.5,0.2,0.2,0.8,9.2
Isaiah Hartenstein,27.0,OKC,C,47.0,24.2,0.622,0.0,0.61,9.4,3.5,1.0,0.8,1.7,9.2
Gui Santos,23.0,GSW,PF,68.0,20.5,0.5,0.351,0.725,3.9,2.3,0.9,0.3,1.5,9.2
Sam Hauser,28.0,BOS,PF,78.0,24.8,0.419,0.393,0.85,3.8,1.5,0.5,0.3,0.4,9.2
Corey Kispert,26.0,2TM,SF,58.0,18.6,0.467,0.367,0.794,2.3,1.6,0.3,0.2,0.8,9.2
Corey Kispert,26.0,WAS,SF,19.0,19.5,0.496,0.395,0.765,2.3,1.7,0.4,0.2,0.7,9.2
Jaden Hardy,23.0,2TM,SG,57.0,15.8,0.424,0.397,0.733,1.5,1.0,0.3,0.1,1.1,9.2
Cam Whitmore,21.0,WAS,SF,21.0,16.9,0.456,0.286,0.742,2.8,0.7,0.7,0.4,0.9,9.2
Quenton Jackson,27.0,IND,PG,49.0,18.3,0.47,0.356,0.824,2.3,2.9,0.6,0.1,1.3,9.1
Jock Landale,30.0,ATL,C,23.0,19.4,0.516,0.391,0.541,4.1,1.7,0.4,0.6,0.6,9.1
Tristan Vukcevic,22.0,WAS,C,49.0,13.7,0.479,0.347,0.784,3.0,1.1,0.5,0.7,1.3,9.0
Luke Kennard,29.0,LAL,SG,32.0,23.0,0.527,0.448,0.912,2.6,2.4,0.7,0.1,0.9,9.0
Vít Krejčí,25.0,ATL,PG,46.0,22.3,0.464,0.423,0.75,2.1,1.5,0.8,0.3,0.7,9.0
Herbert Jones,27.0,NOP,SF,56.0,28.4,0.383,0.309,0.806,3.4,2.8,1.6,0.5,1.3,8.9
Nolan Traoré,19.0,BRK,PG,56.0,22.2,0.38,0.318,0.787,1.8,3.8,0.8,0.4,2.3,8.9
Devin Carter,23.0,SAC,PG,38.0,18.4,0.414,0.263,0.713,3.3,2.7,0.9,0.2,1.4,8.9
Danny Wolf,21.0,BRK,PF,57.0,20.8,0.405,0.322,0.771,4.9,2.2,0.5,0.6,1.3,8.9
John Poulakidas,22.0,DAL,SG,13.0,19.5,0.429,0.403,0.857,2.3,0.8,0.5,0.3,0.3,8.8
Cody Williams,21.0,UTA,SG,67.0,24.3,0.468,0.214,0.706,3.0,2.0,0.8,0.4,1.1,8.8
Payton Sandfort,23.0,OKC,SF,4.0,15.8,0.5,0.412,0.5,2.5,0.0,0.3,0.0,0.3,8.8
Jordan Goodwin,27.0,PHO,PG,70.0,22.5,0.413,0.371,0.696,4.9,2.2,1.5,0.2,1.0,8.7
Justin Champagnie,24.0,WAS,SF,69.0,20.0,0.502,0.319,0.784,5.6,1.2,0.9,0.6,0.7,8.7
Jonas Valančiūnas,33.0,DEN,C,65.0,13.4,0.582,0.308,0.772,5.1,1.2,0.2,0.6,1.1,8.7
Day'Ron Sharpe,24.0,BRK,C,62.0,18.7,0.601,0.231,0.678,6.7,2.3,1.1,0.4,1.7,8.7
Kevin Huerter,27.0,DET,SG,25.0,20.5,0.443,0.294,0.933,2.8,2.5,1.1,0.3,0.9,8.6
Cason Wallace,22.0,OKC,SG,77.0,26.6,0.432,0.351,0.809,3.1,2.6,1.9,0.4,0.9,8.6
Nique Clifford,23.0,SAC,SG,75.0,25.1,0.418,0.333,0.722,3.8,2.4,0.9,0.3,1.5,8.6
Jordan Clarkson,33.0,NYK,SG,72.0,17.8,0.451,0.327,0.83,1.8,1.3,0.4,0.1,0.9,8.6
Bones Hyland,25.0,MIN,PG,71.0,16.6,0.453,0.388,0.78,1.8,2.6,0.6,0.2,1.0,8.5
Collin Murray-Boyles,20.0,TOR,PF,57.0,21.9,0.579,0.34,0.657,5.0,1.9,0.9,0.9,1.0,8.5
Simone Fontecchio,30.0,MIA,SF,70.0,16.8,0.412,0.375,0.843,3.0,1.4,0.5,0.1,0.7,8.5
Vít Krejčí,25.0,2TM,PG,65.0,21.4,0.448,0.39,0.745,2.3,1.5,0.7,0.3,0.6,8.5
Jaden Ivey,23.0,2TM,SG,37.0,18.1,0.445,0.373,0.809,2.5,1.8,0.6,0.4,1.1,8.5
Brook Lopez,37.0,LAC,C,75.0,21.8,0.428,0.36,0.757,3.6,1.3,0.6,1.2,0.8,8.5
Luke Kennard,29.0,2TM,SG,78.0,21.6,0.533,0.478,0.913,2.3,2.2,0.7,0.1,0.8,8.4
Kentavious Caldwell-Pope,32.0,MEM,SG,51.0,21.3,0.41,0.316,0.913,2.5,2.7,0.8,0.2,1.2,8.4
Draymond Green,35.0,GSW,PF,68.0,27.5,0.418,0.326,0.702,5.5,5.5,0.9,0.6,2.7,8.4
Keon Ellis,26.0,CLE,SG,29.0,24.8,0.491,0.355,0.816,2.8,1.6,1.3,0.8,0.7,8.3
Malachi Smith,26.0,BRK,SG,15.0,23.9,0.485,0.435,1.0,3.4,3.3,0.8,0.3,0.9,8.3
Jared McCain,21.0,2TM,SG,67.0,17.3,0.425,0.385,0.864,2.0,1.3,0.5,0.1,0.8,8.3
Luguentz Dort,26.0,OKC,SF,69.0,26.8,0.385,0.344,0.759,3.6,1.2,0.9,0.4,0.8,8.3
Al Horford,39.0,GSW,C,45.0,21.5,0.426,0.361,0.846,4.9,2.6,0.7,1.1,0.9,8.3
Josh Oduro,25.0,NOP,PF,3.0,27.3,0.647,0.0,0.5,7.7,1.3,0.0,0.0,0.7,8.3
Kadary Richmond,24.0,WAS,SG,3.0,22.3,0.625,0.5,1.0,3.3,2.7,2.7,0.3,0.7,8.3
Ron Holland,20.0,DET,SF,78.0,19.9,0.432,0.253,0.805,4.0,1.2,1.2,0.3,1.2,8.2
Bradley Beal,32.0,LAC,SG,6.0,20.2,0.375,0.368,0.75,0.8,1.7,0.5,0.0,1.5,8.2
Jake LaRavia,24.0,LAL,PF,82.0,25.1,0.459,0.321,0.763,4.0,1.8,1.3,0.5,1.1,8.2
LJ Cryer,24.0,GSW,PG,18.0,16.2,0.402,0.394,0.895,1.6,1.0,0.2,0.0,0.8,8.2
Dennis Schröder,32.0,CLE,PG,30.0,21.4,0.401,0.29,0.861,2.3,4.3,0.8,0.2,1.5,8.2
Jaden Ivey,23.0,DET,SG,33.0,16.8,0.45,0.372,0.789,2.2,1.6,0.5,0.4,1.1,8.2
Chaney Johnson,23.0,BRK,SF,17.0,20.5,0.543,0.3,0.8,4.6,2.1,0.9,0.5,1.2,8.2
Sharife Cooper,24.0,WAS,PG,41.0,17.1,0.514,0.382,0.833,2.1,3.0,0.4,0.1,1.5,8.1
Luka Garza,27.0,BOS,C,69.0,16.2,0.577,0.433,0.769,4.1,1.0,0.4,0.4,0.7,8.1
Bez Mbeng,22.0,UTA,SG,15.0,32.8,0.5,0.194,0.64,3.8,4.1,2.3,0.3,1.5,8.1
Gary Trent Jr.,27.0,MIL,SG,65.0,21.2,0.387,0.36,0.769,1.0,1.2,0.5,0.0,0.6,8.1
Bryce McGowens,23.0,NOP,SG,42.0,21.0,0.481,0.409,0.779,2.1,1.5,0.6,0.2,0.4,8.1
Buddy Hield,33.0,GSW,SG,44.0,17.5,0.433,0.344,0.794,2.5,1.5,0.8,0.2,1.0,8.0
Nate Williams,26.0,GSW,SG,14.0,17.1,0.489,0.433,0.867,2.1,1.0,0.4,0.0,1.1,8.0
Tre Scott,29.0,BRK,PF,6.0,30.3,0.38,0.316,0.667,5.2,1.7,1.3,0.8,0.7,8.0
David Roddy,24.0,DEN,PF,5.0,14.6,0.5,0.273,1.0,4.0,0.8,0.8,0.2,0.4,8.0
DeJon Jarreau,28.0,MEM,SG,11.0,21.0,0.398,0.133,0.783,4.6,3.3,0.9,0.7,2.4,8.0
Mouhamadou Gueye,27.0,CHI,PF,2.0,22.5,0.545,0.2,0.75,3.0,3.0,1.0,0.5,1.5,8.0
Vince Williams Jr.,25.0,MEM,PG,34.0,21.6,0.352,0.308,0.804,4.0,4.4,0.8,0.4,1.9,8.0
Bruce Brown,29.0,DEN,SG,82.0,24.4,0.475,0.385,0.762,3.9,2.1,1.0,0.2,1.1,7.9
Tyson Etienne,26.0,BRK,PG,24.0,15.8,0.4,0.398,0.833,1.1,1.7,0.5,0.0,0.7,7.9
Jose Alvarado,27.0,NOP,PG,41.0,21.9,0.418,0.363,0.833,2.8,3.1,0.9,0.1,1.1,7.9
Luke Kennard,29.0,ATL,SG,46.0,20.5,0.538,0.497,0.914,2.2,2.1,0.7,0.1,0.7,7.9
Moussa Diabaté,24.0,CHO,C,73.0,26.0,0.631,0.5,0.659,8.7,1.9,0.8,1.0,1.0,7.9
Walter Clayton,22.0,2TM,PG,69.0,20.4,0.384,0.307,0.901,2.0,4.0,0.6,0.3,1.7,7.8
Oscar Tshiebwe,26.0,UTA,C,27.0,16.6,0.634,,0.551,6.6,1.2,0.6,0.2,0.8,7.8
Paul Reed,26.0,DET,C,65.0,13.9,0.617,0.325,0.664,4.5,1.2,0.9,0.9,0.9,7.8
Leonard Miller,22.0,2TM,SF,46.0,15.6,0.553,0.323,0.736,3.9,0.9,0.4,0.3,0.8,7.8
Quinten Post,25.0,GSW,PF,67.0,17.3,0.44,0.336,0.791,4.0,1.4,0.4,0.5,0.8,7.7
Dominick Barlow,22.0,PHI,PF,71.0,23.8,0.539,0.256,0.718,4.8,1.2,0.9,0.7,0.8,7.7
Buddy Hield,33.0,2TM,SG,51.0,16.1,0.437,0.349,0.811,2.3,1.4,0.8,0.2,0.9,7.6
Ryan Kalkbrenner,24.0,CHO,C,69.0,21.4,0.753,0.0,0.716,5.5,0.8,0.5,1.5,0.9,7.6
Ousmane Dieng,22.0,2TM,C,57.0,19.3,0.422,0.341,0.711,3.2,2.4,0.4,0.3,1.3,7.6
Isaiah Jackson,24.0,LAC,C,17.0,15.9,0.764,0.0,0.548,4.6,1.2,0.6,1.2,0.9,7.5
Ben Saraf,19.0,BRK,SG,44.0,20.8,0.396,0.211,0.83,2.1,3.3,0.9,0.2,2.3,7.5
De'Andre Hunter,28.0,SAC,SF,2.0,25.5,0.211,0.222,0.833,1.5,0.5,0.0,0.0,2.0,7.5
Ja'Kobe Walter,21.0,TOR,SG,72.0,20.5,0.446,0.409,0.789,2.6,1.2,1.0,0.2,0.5,7.5
Vince Williams Jr.,25.0,2TM,SG,40.0,20.5,0.353,0.311,0.78,3.9,4.2,0.7,0.4,1.8,7.5
Gary Payton II,33.0,GSW,SG,73.0,15.6,0.583,0.291,0.65,3.6,1.7,0.9,0.3,0.8,7.5
Jaxson Hayes,25.0,LAL,C,66.0,18.3,0.756,1.0,0.653,4.1,0.9,0.4,0.8,0.5,7.5
Caris LeVert,31.0,DET,SG,60.0,19.2,0.417,0.333,0.679,2.0,2.7,0.9,0.7,1.4,7.4
Jamir Watkins,24.0,WAS,SG,50.0,20.6,0.446,0.297,0.695,3.9,1.3,1.1,0.5,0.8,7.4
Cameron Payne,31.0,PHI,PG,22.0,17.0,0.376,0.33,0.864,2.0,2.6,1.1,0.3,0.5,7.4
Josh Minott,23.0,2TM,PF,49.0,17.0,0.5,0.418,0.787,3.2,0.9,0.9,0.5,0.9,7.4
Jose Alvarado,27.0,2TM,PG,69.0,19.9,0.416,0.352,0.761,2.5,3.4,1.0,0.1,1.1,7.4
Taylor Hendricks,22.0,2TM,PF,59.0,18.9,0.459,0.342,0.681,3.7,0.9,0.8,0.5,0.8,7.4
Bogdan Bogdanović,33.0,LAC,SG,23.0,19.7,0.388,0.347,0.8,2.6,2.2,0.4,0.1,1.2,7.4
Tyrese Martin,26.0,BRK,SG,37.0,18.8,0.392,0.336,0.731,2.9,1.9,0.6,0.1,0.9,7.3
Kris Dunn,31.0,LAC,PG,82.0,27.2,0.476,0.374,0.765,3.3,3.6,1.6,0.2,1.4,7.3
Nikola Jović,22.0,MIA,PF,47.0,17.2,0.366,0.269,0.683,3.3,2.2,0.6,0.4,1.4,7.3
Kobe Sanders,23.0,LAC,SG,68.0,19.9,0.466,0.408,0.826,2.3,1.6,0.7,0.1,1.2,7.3
Jalen Slawson,26.0,IND,SF,13.0,23.9,0.442,0.375,0.706,4.4,2.8,1.5,1.1,1.3,7.3
Jaylin Williams,23.0,OKC,PF,65.0,19.6,0.423,0.383,0.793,5.5,2.4,0.5,0.6,1.0,7.2
Jevon Carter,30.0,ORL,PG,30.0,20.4,0.402,0.336,0.556,2.1,2.3,0.9,0.3,0.8,7.2
Vít Krejčí,25.0,POR,PG,19.0,19.2,0.405,0.303,0.733,2.7,1.7,0.5,0.3,0.6,7.2
Julian Strawther,23.0,DEN,SG,57.0,15.1,0.467,0.387,0.814,2.0,1.1,0.4,0.1,0.6,7.2
Pat Spencer,29.0,GSW,PG,66.0,18.6,0.427,0.357,0.772,2.4,3.5,0.7,0.1,1.3,7.2
Terance Mann,29.0,BRK,SG,63.0,24.3,0.457,0.364,0.788,3.2,3.0,0.7,0.2,1.1,7.2
Leaky Black,26.0,WAS,SF,15.0,28.9,0.388,0.345,0.875,5.0,1.5,1.2,0.5,0.9,7.1
Kyle Anderson,32.0,UTA,SF,20.0,20.1,0.523,0.6,0.658,3.3,3.1,1.2,0.5,0.9,7.1
Seth Curry,35.0,GSW,SG,10.0,13.3,0.49,0.48,0.917,1.2,1.0,0.3,0.0,0.2,7.1
Ben Sheppard,24.0,IND,SG,65.0,21.4,0.434,0.362,0.765,3.0,1.8,0.6,0.1,0.6,7.1
Ethan Thompson,26.0,IND,SG,32.0,20.4,0.378,0.328,0.787,2.2,1.8,0.6,0.3,0.8,7.0
Lawson Lovering,22.0,MEM,C,2.0,24.5,0.6,,0.4,7.5,1.5,1.5,0.5,1.0,7.0
Grant Williams,27.0,CHO,PF,36.0,19.8,0.426,0.388,0.815,3.9,1.6,0.5,0.5,0.9,7.0
Patrick Williams,24.0,CHI,PF,72.0,20.5,0.372,0.347,0.72,3.0,1.5,0.7,0.4,1.0,7.0
Jaden Hardy,23.0,DAL,SG,34.0,12.6,0.402,0.371,0.775,1.4,0.9,0.3,0.1,0.8,6.9
Moritz Wagner,28.0,ORL,C,36.0,11.9,0.426,0.314,0.819,3.2,0.8,0.4,0.1,0.5,6.9
Javonte Green,32.0,DET,SG,82.0,17.6,0.447,0.381,0.84,2.8,0.7,1.2,0.3,0.5,6.9
MarJon Beauchamp,25.0,PHI,SF,14.0,14.0,0.434,0.34,0.684,2.3,1.1,0.6,0.3,0.9,6.8
Walter Clayton,22.0,UTA,PG,45.0,18.0,0.398,0.308,0.935,2.0,3.2,0.5,0.3,1.3,6.8
Elijah Harkless,25.0,UTA,SG,26.0,21.0,0.335,0.239,0.766,2.0,2.9,1.2,0.2,1.0,6.8
Robert Williams,28.0,POR,C,59.0,17.1,0.708,0.391,0.596,7.0,1.0,0.6,1.5,0.8,6.7
Kevin Love,37.0,UTA,PF,37.0,16.6,0.397,0.373,0.841,5.8,1.8,0.4,0.2,0.8,6.7
Cole Anthony,25.0,MIL,PG,35.0,15.1,0.424,0.306,0.615,2.5,3.5,0.6,0.3,1.9,6.7
Isaiah Jackson,24.0,2TM,C,55.0,16.5,0.637,0.0,0.648,5.3,0.9,0.7,0.9,1.1,6.7
Ochai Agbaji,25.0,BRK,SG,20.0,16.2,0.455,0.349,0.786,2.3,0.9,0.4,0.3,0.6,6.7
Keon Ellis,26.0,2TM,SG,72.0,20.5,0.44,0.363,0.729,1.9,1.0,1.2,0.6,0.6,6.7
Jamal Shead,23.0,TOR,PG,82.0,22.6,0.367,0.321,0.784,1.7,5.4,0.9,0.2,1.4,6.6
Jose Alvarado,27.0,NYK,PG,28.0,16.9,0.414,0.33,0.682,2.0,3.8,1.0,0.1,1.1,6.6
Jared McCain,21.0,PHI,SG,37.0,16.8,0.385,0.378,0.88,2.0,1.7,0.6,0.1,0.8,6.6
Ryan Nembhard,22.0,DAL,PG,60.0,19.5,0.415,0.356,0.806,2.2,5.3,0.4,0.0,1.4,6.6
Oso Ighodaro,23.0,PHO,PF,82.0,22.0,0.653,0.0,0.453,5.1,2.3,0.9,0.7,1.2,6.5
Luke Kornet,30.0,SAS,C,68.0,21.0,0.643,,0.825,6.1,1.9,0.5,1.0,0.4,6.5
Drake Powell,20.0,BRK,SG,63.0,21.0,0.402,0.28,0.896,1.8,1.4,0.6,0.2,1.0,6.5
Trendon Watford,25.0,PHI,PF,53.0,16.3,0.515,0.2,0.779,3.3,2.5,0.3,0.4,1.2,6.5
Kenrich Williams,31.0,OKC,PF,56.0,15.3,0.473,0.388,0.635,3.3,1.4,0.6,0.1,0.8,6.5
Jalen Wilson,25.0,BRK,PF,54.0,15.9,0.396,0.355,0.719,2.1,0.9,0.4,0.0,0.7,6.4
Isaiah Jackson,24.0,IND,C,38.0,16.8,0.582,0.0,0.689,5.6,0.8,0.7,0.8,1.1,6.4
Andre Drummond,32.0,PHI,C,63.0,19.5,0.472,0.356,0.631,8.4,1.3,0.6,0.8,1.0,6.4
Jevon Carter,30.0,2TM,PG,53.0,16.4,0.401,0.363,0.789,1.7,1.6,0.8,0.2,0.7,6.4
Will Richard,23.0,GSW,SG,69.0,20.0,0.468,0.335,0.852,2.5,1.3,1.2,0.1,0.8,6.4
Rob Dillingham,21.0,2TM,PG,65.0,14.9,0.396,0.316,0.745,2.0,2.2,0.7,0.1,1.5,6.3
Tyrese Martin,26.0,2TM,SG,46.0,16.9,0.394,0.321,0.679,2.5,1.7,0.5,0.1,0.9,6.3
Mac McClung,27.0,IND,SG,3.0,11.3,0.389,0.2,0.75,1.3,0.3,1.7,0.3,0.7,6.3
Nick Smith Jr.,21.0,LAL,SG,30.0,12.5,0.435,0.395,0.733,0.8,1.0,0.3,0.1,0.7,6.2
Kyle Anderson,32.0,3TM,SF,43.0,19.8,0.53,0.364,0.706,3.5,2.9,1.0,0.6,0.9,6.2
Thomas Bryant,28.0,CLE,C,60.0,12.2,0.506,0.359,0.803,3.4,0.6,0.3,0.4,0.5,6.2
Alex Caruso,31.0,OKC,SG,56.0,18.2,0.423,0.293,0.804,2.8,2.0,1.3,0.3,0.9,6.2
Kasparas Jakučionis,19.0,MIA,PG,53.0,17.8,0.429,0.423,0.879,2.6,2.6,0.6,0.1,0.9,6.2
Jahmai Mashack,23.0,MEM,SG,31.0,21.7,0.395,0.253,0.543,2.6,2.2,1.2,0.5,1.6,6.2
PJ Hall,23.0,CHO,C,12.0,15.6,0.5,1.0,0.808,5.5,0.7,0.3,0.7,1.3,6.1
Mac McClung,27.0,2TM,SG,11.0,12.3,0.39,0.233,0.778,0.9,0.9,1.0,0.3,0.8,6.1
Tidjane Salaün,20.0,CHO,PF,37.0,15.5,0.503,0.434,0.65,4.0,0.7,0.4,0.2,0.7,6.0
KJ Simpson,23.0,CHO,PG,14.0,15.9,0.348,0.308,0.625,2.1,2.5,1.1,0.0,1.7,6.0
Gradey Dick,22.0,TOR,SG,76.0,14.0,0.419,0.301,0.875,1.9,0.7,0.6,0.1,0.6,6.0
Justin Edwards,22.0,PHI,SF,64.0,15.3,0.447,0.372,0.846,1.5,1.3,0.8,0.2,0.6,6.0
Hayden Gray,22.0,UTA,,1.0,25.0,0.667,0.0,1.0,0.0,1.0,1.0,1.0,1.0,6.0
Mac McClung,27.0,CHI,SG,8.0,12.6,0.39,0.25,0.786,0.8,1.1,0.8,0.3,0.9,6.0
John Konchar,29.0,UTA,SG,26.0,26.2,0.445,0.25,0.774,5.7,3.0,2.0,1.0,0.8,5.9
Goga Bitadze,26.0,ORL,C,64.0,15.2,0.676,0.182,0.711,5.0,1.3,0.6,1.0,0.7,5.9
Nick Richards,28.0,2TM,C,48.0,14.6,0.512,0.278,0.644,5.1,0.3,0.2,0.7,1.2,5.8
Dean Wade,29.0,CLE,PF,59.0,22.3,0.439,0.362,0.711,4.2,1.5,0.7,0.4,0.3,5.8
Nae'Qwan Tomlin,25.0,CLE,PF,64.0,15.7,0.478,0.235,0.77,2.9,0.8,0.6,0.5,0.5,5.8
Matisse Thybulle,28.0,POR,SG,30.0,16.0,0.433,0.398,0.84,2.0,0.9,2.0,0.5,0.9,5.8
Kris Murray,25.0,POR,SF,57.0,23.4,0.467,0.279,0.684,3.6,1.4,0.9,0.4,0.8,5.8
Anthony Gill,33.0,WAS,PF,55.0,17.3,0.628,0.354,0.739,2.9,1.3,0.6,0.4,0.7,5.8
Ryan Dunn,23.0,PHO,SF,70.0,19.4,0.453,0.331,0.489,4.2,1.5,0.9,0.4,0.8,5.8
Branden Carlson,26.0,OKC,C,42.0,11.6,0.527,0.36,0.577,3.0,0.7,0.2,0.6,0.4,5.8
Steven Adams,32.0,HOU,C,32.0,22.8,0.504,,0.58,8.6,1.5,0.7,0.6,1.1,5.8
Josh Minott,23.0,BOS,PF,33.0,15.9,0.507,0.442,0.769,3.6,1.0,0.7,0.4,0.6,5.8
Charles Bassey,25.0,4TM,C,13.0,11.8,0.66,,0.7,4.4,0.5,0.3,0.8,0.5,5.8
Kobe Brown,26.0,2TM,PF,61.0,15.8,0.469,0.374,0.797,3.0,1.3,0.4,0.2,0.9,5.8
Mitchell Robinson,27.0,NYK,C,60.0,19.6,0.723,,0.408,8.8,0.9,0.9,1.2,0.7,5.7
Yves Missi,21.0,NOP,C,66.0,19.7,0.544,0.0,0.559,5.8,1.3,0.3,1.5,0.8,5.7
Doug McDermott,34.0,SAC,SF,29.0,15.1,0.388,0.39,0.889,1.3,0.8,0.2,0.1,0.4,5.7
Karlo Matković,24.0,NOP,PF,62.0,14.7,0.604,0.422,0.732,3.7,0.8,0.4,0.9,0.5,5.7
E.J. Liddell,25.0,BRK,PF,26.0,13.4,0.486,0.346,0.808,2.7,0.9,0.2,0.4,0.6,5.7
Jamaree Bouyea,26.0,PHO,PG,46.0,14.0,0.458,0.295,0.686,1.8,1.8,0.6,0.3,0.7,5.7
Guerschon Yabusele,30.0,2TM,C,67.0,15.0,0.401,0.352,0.75,3.5,0.9,0.4,0.2,0.6,5.6
Keon Ellis,26.0,SAC,SG,43.0,17.6,0.397,0.368,0.625,1.3,0.6,1.1,0.5,0.5,5.6
Terrence Shannon Jr.,25.0,MIN,SG,43.0,12.5,0.45,0.408,0.8,1.1,0.9,0.3,0.0,0.6,5.6
Dru Smith,28.0,MIA,SG,70.0,16.3,0.415,0.295,0.829,2.5,2.6,1.4,0.3,0.8,5.6
Eric Gordon,37.0,PHI,SG,6.0,12.3,0.571,0.571,0.5,0.3,0.5,0.7,0.2,0.5,5.5
Baylor Scheierman,25.0,BOS,SG,77.0,18.6,0.453,0.399,0.903,3.5,1.5,0.5,0.1,0.6,5.5
Tre Mann,24.0,CHO,PG,53.0,12.6,0.36,0.323,0.852,1.7,1.6,0.5,0.1,1.0,5.5
Jett Howard,22.0,ORL,SF,55.0,12.6,0.418,0.372,0.949,1.6,0.8,0.2,0.2,0.3,5.5
Aaron Holiday,29.0,HOU,PG,57.0,13.7,0.417,0.394,0.854,1.0,1.1,0.5,0.1,0.7,5.5
Killian Hayes,24.0,SAC,PG,23.0,17.7,0.304,0.27,0.929,2.3,3.5,0.9,0.2,1.2,5.5
Spencer Jones,24.0,DEN,SF,64.0,22.1,0.504,0.396,0.608,3.3,0.8,0.8,0.5,0.5,5.5
Haywood Highsmith,29.0,PHO,SF,7.0,13.0,0.522,0.571,0.857,1.9,1.0,0.6,0.0,0.0,5.4
Pete Nance,25.0,MIL,PF,47.0,15.7,0.515,0.42,0.364,2.7,1.0,0.3,0.3,0.6,5.4
Jevon Carter,30.0,CHI,PG,23.0,11.0,0.398,0.41,1.0,1.1,0.8,0.6,0.1,0.5,5.4
Jordan Walsh,21.0,BOS,PF,68.0,17.8,0.509,0.384,0.772,4.0,0.8,0.7,0.5,0.5,5.4
Jamal Cain,26.0,ORL,SF,40.0,12.2,0.487,0.384,0.848,2.0,0.7,0.3,0.1,0.5,5.4
Dylan Cardwell,24.0,SAC,C,44.0,20.6,0.587,0.5,0.51,7.5,1.4,0.7,1.5,0.9,5.4
Tyrese Proctor,21.0,CLE,PG,50.0,10.9,0.413,0.351,0.889,1.3,1.5,0.5,0.0,0.8,5.4
Sion James,23.0,CHO,SG,82.0,22.5,0.371,0.352,0.837,3.5,2.0,0.6,0.2,0.8,5.4
Andersson Garcia,25.0,UTA,SF,5.0,33.8,0.31,0.077,0.778,8.4,2.8,1.6,0.8,1.4,5.2
Drew Eubanks,28.0,SAC,C,42.0,13.1,0.596,0.143,0.561,3.0,0.5,0.4,0.6,0.7,5.2
Trey Alexander,22.0,NOP,SG,9.0,12.3,0.514,0.5,0.6,1.2,1.0,0.7,0.2,0.3,5.2
Jalen Pickett,26.0,DEN,SG,50.0,16.1,0.422,0.386,0.789,2.3,2.3,0.3,0.1,0.7,5.2
Rayan Rupert,21.0,2TM,SG,64.0,16.8,0.393,0.324,0.778,2.9,1.1,0.9,0.1,0.9,5.2
Garrison Mathews,29.0,IND,SG,15.0,13.1,0.404,0.37,0.826,1.1,0.7,0.4,0.2,0.2,5.2
Asa Newell,20.0,ATL,PF,44.0,11.4,0.538,0.387,0.552,2.2,0.6,0.4,0.3,0.5,5.2
Marcus Sasser,25.0,DET,PG,38.0,12.0,0.39,0.415,0.833,1.0,2.0,0.5,0.1,0.8,5.2
Nikola Topić,20.0,OKC,PG,10.0,16.0,0.431,0.4,0.4,1.9,4.4,0.5,0.0,2.5,5.2
Ochai Agbaji,25.0,2TM,SG,62.0,15.7,0.436,0.266,0.837,2.3,0.8,0.4,0.3,0.5,5.1
Sidy Cissoko,21.0,POR,SF,75.0,19.1,0.398,0.298,0.659,2.2,1.5,0.7,0.3,0.9,5.1
Johnny Furphy,21.0,IND,SG,35.0,18.4,0.47,0.324,0.486,4.4,1.2,0.6,0.2,0.8,5.1
Jordan Hawkins,23.0,NOP,SG,51.0,13.6,0.366,0.348,0.852,1.7,0.8,0.3,0.2,0.7,5.1
Buddy Hield,33.0,ATL,SG,7.0,7.3,0.481,0.412,1.0,1.1,0.7,0.3,0.0,0.9,5.1
Jericho Sims,27.0,MIL,C,67.0,19.7,0.784,,0.62,5.5,1.6,0.3,0.3,1.1,5.0
Mo Bamba,27.0,UTA,C,2.0,19.0,0.556,,,10.0,0.5,0.0,1.0,1.0,5.0
Patrick Baldwin Jr.,23.0,LAC,SF,2.0,6.0,0.75,0.667,1.0,0.5,0.0,0.0,0.0,0.5,5.0
RayJ Dennis,24.0,IND,PG,13.0,12.9,0.306,0.316,0.889,1.6,2.0,0.2,0.3,1.1,4.9
Taylor Hendricks,22.0,UTA,PF,33.0,14.9,0.453,0.343,0.719,3.0,0.7,0.4,0.2,0.6,4.9
Blake Wesley,22.0,POR,SG,31.0,11.6,0.452,0.278,0.553,1.3,2.0,0.5,0.2,1.0,4.8
Amir Coffey,28.0,PHO,SG,16.0,14.1,0.5,0.417,0.692,1.9,1.0,0.4,0.1,0.3,4.8
Gabe Vincent,29.0,LAL,PG,29.0,19.3,0.346,0.369,0.909,0.9,1.3,0.5,0.0,0.4,4.8
Adem Bona,22.0,PHI,C,71.0,17.4,0.595,0.333,0.708,4.3,0.5,0.4,1.2,0.8,4.8
Vince Williams Jr.,25.0,UTA,SG,6.0,14.0,0.357,0.333,0.5,3.2,2.7,0.3,0.3,1.2,4.7
Tyler Smith,21.0,DAL,PF,12.0,13.8,0.42,0.286,0.667,2.8,0.4,0.5,0.0,0.5,4.7
Jeremiah Robinson-Earl,25.0,IND,PF,17.0,17.6,0.349,0.242,0.929,5.2,0.7,0.4,0.1,0.6,4.6
KJ Simpson,23.0,2TM,PG,20.0,12.9,0.343,0.3,0.611,1.9,2.2,0.8,0.0,1.3,4.6
Kyle Anderson,32.0,MIN,SF,19.0,19.1,0.473,0.0,0.773,3.7,3.3,0.8,0.6,0.8,4.6
Lonzo Ball,28.0,CLE,PG,35.0,20.8,0.301,0.272,0.667,4.0,3.9,1.3,0.3,1.5,4.6
Malaki Branham,22.0,WAS,SG,28.0,9.8,0.473,0.378,0.824,1.6,0.8,0.4,0.1,0.5,4.6
Zyon Pullin,24.0,MIN,SG,5.0,8.6,0.692,0.333,1.0,0.6,1.8,0.2,0.0,0.6,4.6
Jeremiah Robinson-Earl,25.0,2TM,PF,22.0,16.4,0.37,0.244,0.944,4.7,0.7,0.4,0.0,0.5,4.6
Josh Okogie,27.0,HOU,SG,78.0,17.4,0.425,0.385,0.594,2.6,0.9,0.8,0.2,0.5,4.5
PJ Hall,23.0,2TM,C,19.0,11.3,0.508,0.6,0.793,3.9,0.5,0.2,0.5,0.8,4.5
Mike Conley,38.0,MIN,PG,54.0,18.4,0.335,0.337,0.9,1.7,2.9,0.6,0.3,0.6,4.5
Moussa Cisse,23.0,DAL,C,38.0,13.9,0.574,,0.469,5.7,0.2,0.5,1.2,0.8,4.5
Taelon Peter,23.0,IND,SG,38.0,12.9,0.38,0.328,0.625,1.6,1.1,0.7,0.1,0.7,4.5
Craig Porter Jr.,25.0,CLE,PG,64.0,17.9,0.45,0.355,0.6,3.4,3.2,0.9,0.6,0.9,4.5
RayJ Dennis,24.0,3TM,PG,17.0,12.1,0.313,0.311,0.889,1.5,1.9,0.2,0.2,1.0,4.4
Jarred Vanderbilt,26.0,LAL,PF,65.0,17.4,0.471,0.293,0.589,4.5,1.3,0.8,0.3,0.9,4.4
John Konchar,29.0,2TM,SG,56.0,19.9,0.472,0.283,0.727,4.3,2.1,1.5,0.7,0.6,4.4
Gabe Vincent,29.0,2TM,PG,53.0,16.6,0.352,0.341,0.87,1.0,1.4,0.5,0.1,0.5,4.4
Jase Richardson,20.0,ORL,SG,54.0,10.9,0.473,0.354,0.717,1.2,1.1,0.4,0.0,0.5,4.4
Kam Jones,23.0,IND,SG,37.0,16.6,0.402,0.293,0.5,1.6,3.2,0.5,0.0,1.0,4.4
Mouhamed Gueye,23.0,ATL,PF,77.0,15.3,0.452,0.308,0.645,3.6,0.9,0.8,0.5,0.4,4.4
DeAndre Jordan,37.0,NOP,C,12.0,16.6,0.656,,0.647,6.3,0.9,0.3,0.8,0.8,4.4
Jeremiah Robinson-Earl,25.0,DAL,PF,5.0,12.2,0.471,0.25,1.0,3.0,0.6,0.4,0.0,0.4,4.4
Tyler Kolek,24.0,NYK,PG,62.0,11.7,0.435,0.386,0.7,1.6,2.7,0.4,0.1,0.9,4.4
Rasheer Fleming,21.0,PHO,PF,55.0,12.2,0.405,0.346,0.559,2.3,0.3,0.4,0.4,0.5,4.3
Josh Green,25.0,CHO,SG,58.0,15.7,0.459,0.42,0.893,1.8,0.8,0.6,0.1,0.6,4.3
Keshad Johnson,24.0,MIA,SF,32.0,8.8,0.49,0.295,0.724,1.9,0.3,0.5,0.3,0.4,4.3
Yanic Konan Niederhäuser,22.0,LAC,C,41.0,10.3,0.64,0.2,0.758,2.9,0.3,0.1,0.7,0.6,4.3
Keshon Gilbert,22.0,2TM,SG,4.0,18.5,0.417,0.0,1.0,1.3,3.0,0.8,1.0,2.0,4.3
Liam McNeeley,20.0,CHO,SF,31.0,11.9,0.4,0.4,0.821,2.4,0.8,0.2,0.1,0.4,4.3
Grant Nelson,23.0,BRK,PF,4.0,8.8,0.556,,0.7,1.5,1.3,0.3,1.3,1.0,4.3
Micah Peavy,24.0,NOP,SG,61.0,15.0,0.385,0.259,0.759,1.9,1.0,0.7,0.1,0.3,4.3
Jabari Walker,23.0,PHI,PF,64.0,11.9,0.455,0.337,0.735,3.0,0.5,0.4,0.2,0.4,4.3
Riley Minix,25.0,CLE,SF,6.0,8.3,0.588,0.333,1.0,0.7,0.7,0.2,0.2,0.5,4.3
Dereck Lively II,21.0,DAL,C,7.0,16.4,0.611,,0.8,5.3,1.9,0.6,1.6,1.4,4.3
Skal Labissière,29.0,WAS,PF,3.0,12.7,0.6,0.2,,3.0,1.0,0.7,0.3,0.3,4.3
Ochai Agbaji,25.0,TOR,SG,42.0,15.5,0.424,0.185,0.862,2.3,0.7,0.4,0.3,0.5,4.3
Ron Harper Jr.,25.0,BOS,SF,29.0,11.0,0.418,0.35,0.75,1.7,0.8,0.3,0.3,0.3,4.2
Carter Bryant,20.0,SAS,PF,71.0,11.5,0.408,0.335,0.714,2.5,0.7,0.2,0.3,0.5,4.2
Dalton Knecht,24.0,LAL,SF,54.0,10.2,0.455,0.342,0.727,1.4,0.4,0.2,0.2,0.4,4.2
A.J. Lawson,25.0,TOR,SG,24.0,9.4,0.436,0.422,0.778,1.8,0.3,0.5,0.2,0.3,4.2
Trayce Jackson-Davis,25.0,GSW,C,36.0,11.4,0.588,1.0,0.558,3.1,0.9,0.4,0.5,0.5,4.2
Jeremy Sochan,22.0,SAS,PF,28.0,12.8,0.475,0.257,0.688,2.6,1.0,0.4,0.2,0.6,4.1
Dalen Terry,23.0,PHI,SG,14.0,12.4,0.434,0.25,0.538,1.6,1.6,0.5,0.3,0.4,4.1
Tristan Enaruna,24.0,CLE,SF,9.0,9.4,0.5,0.3,0.75,1.6,0.8,0.6,0.0,0.3,4.1
Jaylen Clark,24.0,MIN,SG,68.0,13.1,0.434,0.327,0.657,1.8,0.6,0.7,0.1,0.3,4.0
Tony Bradley,28.0,IND,C,38.0,10.9,0.557,0.5,0.744,2.8,0.5,0.2,0.2,0.4,4.0
Tony Bradley,28.0,2TM,C,41.0,11.0,0.547,0.5,0.744,2.8,0.5,0.1,0.2,0.4,4.0
Nicolas Batum,37.0,LAC,PF,74.0,17.5,0.403,0.404,0.818,2.5,0.9,0.6,0.3,0.5,4.0
Brandon Clarke,29.0,MEM,PF,2.0,10.0,0.333,,0.5,3.0,0.5,1.0,0.0,0.0,4.0
Riley Minix,25.0,2TM,SF,9.0,6.4,0.609,0.333,1.0,0.7,0.6,0.2,0.1,0.3,3.9
Joan Beringer,19.0,MIN,PF,40.0,7.9,0.663,,0.703,2.3,0.3,0.2,0.7,0.3,3.9
Hugo González,19.0,BOS,SF,74.0,14.6,0.476,0.362,0.5,3.3,0.5,0.6,0.3,0.5,3.9
Gabe Vincent,29.0,ATL,PG,24.0,13.3,0.36,0.3,0.833,1.1,1.6,0.5,0.1,0.6,3.9
AJ Johnson,21.0,DAL,SG,23.0,10.4,0.323,0.156,0.893,1.0,1.1,0.2,0.1,0.5,3.9
Tyus Jones,29.0,DAL,PG,8.0,16.6,0.382,0.211,0.5,1.1,3.8,0.4,0.0,0.6,3.9
Caleb Martin,30.0,DAL,SF,58.0,14.8,0.45,0.351,0.607,2.5,1.4,0.7,0.3,0.7,3.9
Koby Brea,23.0,PHO,SG,12.0,7.0,0.417,0.433,1.0,0.7,0.8,0.1,0.0,0.3,3.8
Patrick Baldwin Jr.,23.0,SAC,SF,6.0,14.7,0.348,0.364,0.6,3.5,0.8,0.5,0.8,0.7,3.8
Omer Yurtseven,27.0,GSW,C,9.0,11.6,0.423,0.0,0.667,3.3,0.9,0.2,0.1,1.0,3.8
Noah Penda,21.0,ORL,SF,59.0,12.8,0.404,0.323,0.688,3.2,1.2,0.5,0.3,0.7,3.8
Clint Capela,31.0,HOU,C,75.0,12.3,0.52,0.5,0.577,4.6,0.7,0.5,0.8,0.5,3.8
Patrick Baldwin Jr.,23.0,3TM,SF,9.0,11.3,0.407,0.429,0.714,2.6,0.6,0.3,0.6,0.6,3.7
Ousmane Dieng,22.0,OKC,C,27.0,10.9,0.418,0.367,1.0,1.6,1.0,0.1,0.3,0.3,3.7
Dalen Terry,23.0,2TM,SG,48.0,11.5,0.439,0.364,0.533,1.8,1.4,0.6,0.3,0.5,3.7
Larry Nance Jr.,33.0,CLE,PF,35.0,12.8,0.419,0.333,0.462,2.7,1.0,0.6,0.2,0.6,3.7
Zeke Nnaji,25.0,DEN,PF,52.0,12.0,0.47,0.259,0.773,2.6,0.6,0.3,0.5,0.5,3.7
Tolu Smith,25.0,DET,PF,15.0,9.1,0.5,,0.667,3.3,0.9,0.1,0.4,0.5,3.7
DaRon Holmes,23.0,DEN,PF,25.0,8.4,0.508,0.444,0.786,1.4,0.6,0.0,0.2,0.5,3.7
Tony Bradley,28.0,ATL,C,3.0,11.3,0.455,0.5,,3.0,0.7,0.0,0.0,0.3,3.7
Myron Gardner,24.0,MIA,SF,45.0,9.1,0.48,0.406,0.731,2.7,1.0,0.4,0.2,0.4,3.6
Mohamed Diawara,20.0,NYK,SF,69.0,9.2,0.423,0.369,0.75,1.4,0.8,0.2,0.1,0.4,3.6
Jeremy Sochan,22.0,2TM,PF,44.0,10.7,0.496,0.244,0.731,2.4,0.9,0.4,0.2,0.5,3.6
Dalen Terry,23.0,CHI,SG,34.0,11.1,0.441,0.413,0.529,1.9,1.3,0.6,0.3,0.6,3.5
Keaton Wallace,26.0,ATL,PG,53.0,10.1,0.398,0.373,0.667,1.1,1.8,0.5,0.1,0.5,3.5
Rob Dillingham,21.0,MIN,PG,35.0,9.3,0.333,0.364,0.75,1.2,1.7,0.5,0.1,1.0,3.5
Olivier Sarr,26.0,CLE,C,4.0,9.8,0.714,0.667,0.4,2.8,1.3,0.5,0.8,0.5,3.5
Charles Bassey,25.0,MEM,C,2.0,15.5,0.375,,0.333,7.5,1.0,0.5,0.5,0.5,3.5
Drew Timme,25.0,LAL,PF,27.0,8.7,0.576,0.44,0.556,1.2,0.9,0.2,0.0,0.5,3.4
Yuki Kawamura,24.0,CHI,PG,18.0,11.6,0.327,0.297,0.895,1.8,2.6,0.5,0.0,0.8,3.4
Taj Gibson,40.0,MEM,C,10.0,9.7,0.462,0.5,0.875,2.7,0.6,0.2,0.1,0.1,3.4
Trayce Jackson-Davis,25.0,2TM,C,53.0,9.4,0.573,1.0,0.514,2.7,0.7,0.3,0.5,0.4,3.4
Enrique Freeman,25.0,MIN,PF,4.0,9.3,0.5,0.5,0.75,2.5,0.5,0.5,0.8,0.5,3.3
Malevy Leons,26.0,GSW,SF,25.0,11.0,0.444,0.25,0.789,2.1,0.9,0.6,0.4,0.5,3.3
Dwight Powell,34.0,DAL,C,63.0,14.3,0.644,0.286,0.696,4.1,1.1,0.5,0.3,0.7,3.3
Isaiah Stevens,25.0,SAC,PG,3.0,14.3,0.429,0.0,1.0,1.0,3.3,1.7,0.0,0.7,3.3
James Wiseman,24.0,IND,C,4.0,14.5,0.6,,0.5,2.0,0.8,0.0,0.3,1.3,3.3
Dorian Finney-Smith,32.0,HOU,PF,37.0,16.8,0.333,0.27,0.889,2.5,1.0,0.4,0.2,0.6,3.3
AJ Johnson,21.0,2TM,SG,48.0,9.5,0.324,0.211,0.85,1.1,1.0,0.2,0.1,0.6,3.3
RayJ Dennis,24.0,ATL,PG,3.0,11.3,0.364,0.286,,1.0,2.3,0.3,0.0,0.7,3.3
John Konchar,29.0,MEM,SG,30.0,14.5,0.521,0.333,0.615,3.1,1.3,1.0,0.4,0.5,3.2
Kelly Olynyk,34.0,SAS,C,42.0,8.6,0.49,0.255,0.711,1.8,1.2,0.4,0.1,0.6,3.2
Alex Antetokounmpo,24.0,MIL,SF,6.0,3.5,0.375,0.286,0.733,1.0,0.2,0.0,0.2,0.2,3.2
Julian Phillips,22.0,MIN,SF,13.0,7.2,0.424,0.25,0.75,0.4,0.2,0.4,0.1,0.3,3.2
Amir Coffey,28.0,2TM,SG,46.0,10.7,0.487,0.347,0.786,1.2,0.6,0.2,0.1,0.2,3.2
Nick Richards,28.0,PHO,C,28.0,9.1,0.493,,0.679,3.3,0.3,0.1,0.5,0.9,3.2
Miles Kelly,23.0,DAL,PG,14.0,9.6,0.364,0.303,1.0,1.7,0.9,0.3,0.1,0.4,3.1
Jamison Battle,24.0,TOR,SF,61.0,8.5,0.51,0.412,0.643,1.5,0.4,0.1,0.0,0.3,3.1
Christian Koloko,25.0,ATL,C,14.0,11.1,0.436,0.125,0.818,2.6,0.6,0.3,0.7,0.6,3.1
Mark Sears,23.0,MIL,PG,7.0,3.7,0.462,0.5,0.75,0.3,0.3,0.0,0.0,0.6,3.1
Tyus Jones,29.0,ORL,PG,48.0,15.7,0.342,0.294,1.0,1.1,2.4,0.7,0.1,0.3,3.0
Tyus Jones,29.0,3TM,PG,67.0,14.6,0.349,0.292,0.778,1.1,2.4,0.6,0.0,0.4,3.0
CJ Huntley,24.0,PHO,SF,4.0,10.0,0.545,0.0,,1.3,0.5,0.3,0.0,0.0,3.0
Dalano Banton,26.0,LAC,PG,2.0,5.0,0.75,,,0.5,1.0,0.5,0.0,0.5,3.0
Chris Youngblood,23.0,POR,SG,2.0,5.5,0.667,0.667,,0.0,0.5,0.0,0.0,0.0,3.0
Chris Livingston,22.0,CLE,SF,3.0,5.7,0.571,0.0,1.0,1.0,0.3,0.3,0.0,0.0,3.0
Riley Minix,25.0,SAS,SF,3.0,2.7,0.667,0.333,,0.7,0.3,0.3,0.0,0.0,3.0
Khaman Maluach,19.0,PHO,C,46.0,8.9,0.533,0.238,0.71,2.9,0.1,0.1,0.7,0.5,3.0
Emanuel Miller,25.0,CHI,PF,5.0,6.6,0.462,0.333,0.5,0.6,0.8,0.4,0.0,0.0,3.0
Monte Morris,30.0,IND,PG,6.0,10.8,0.35,0.25,0.5,1.2,1.5,0.2,0.2,0.3,3.0
Kobe Bufkin,22.0,LAL,SG,16.0,7.4,0.3,0.192,0.917,0.8,0.6,0.1,0.2,0.3,2.9
Duop Reath,29.0,POR,C,32.0,8.1,0.446,0.418,0.833,1.2,0.3,0.2,0.3,0.2,2.9
Curtis Jones,24.0,DEN,SG,10.0,8.8,0.407,0.333,0.5,1.1,1.0,0.4,0.0,0.2,2.9
Bronny James,21.0,LAL,SG,42.0,8.9,0.409,0.386,0.857,0.5,1.2,0.5,0.1,0.6,2.9
Kobe Brown,26.0,LAC,PF,34.0,8.7,0.393,0.265,0.808,1.6,0.8,0.3,0.1,0.4,2.9
David Jones García,24.0,SAS,SF,11.0,6.2,0.52,0.6,0.5,1.2,1.6,0.5,0.1,0.5,2.9
Rayan Rupert,21.0,POR,SG,48.0,12.0,0.361,0.31,0.643,1.8,0.7,0.6,0.0,0.6,2.9
Chris Paul,40.0,LAC,PG,16.0,14.3,0.321,0.333,0.5,1.8,3.3,0.7,0.0,1.0,2.9
Julian Phillips,22.0,2TM,SF,48.0,8.9,0.421,0.308,0.783,1.0,0.2,0.5,0.1,0.2,2.9
Norchad Omier,24.0,LAC,PF,6.0,4.0,0.7,0.0,1.0,1.2,0.3,0.2,0.0,0.0,2.8
Cam Christie,20.0,LAC,SG,55.0,8.7,0.381,0.245,0.76,1.4,0.6,0.3,0.1,0.4,2.8
Jae'Sean Tate,30.0,HOU,SF,46.0,8.8,0.514,0.313,0.636,1.6,0.5,0.2,0.1,0.3,2.8
Rocco Zikarsky,19.0,MIN,C,5.0,7.2,0.625,,1.0,2.8,0.4,0.0,1.0,0.2,2.8
Kevon Looney,29.0,NOP,C,21.0,14.7,0.417,0.154,0.7,5.6,1.6,0.4,0.5,0.4,2.8
Julian Phillips,22.0,CHI,SF,35.0,9.5,0.42,0.327,0.818,1.3,0.2,0.5,0.2,0.2,2.8
Charles Bassey,25.0,BOS,C,5.0,3.4,0.857,,0.5,1.2,0.0,0.2,0.4,0.2,2.8
AJ Johnson,21.0,WAS,SG,25.0,8.6,0.325,0.28,0.75,1.2,0.9,0.3,0.0,0.7,2.8
Jeremy Sochan,22.0,NYK,PF,16.0,6.9,0.567,0.2,0.8,2.1,0.8,0.4,0.1,0.2,2.8
Gary Harris,31.0,MIL,SG,48.0,13.8,0.442,0.412,0.889,1.3,1.1,0.6,0.2,0.4,2.7
Christian Koloko,25.0,3TM,C,27.0,13.2,0.419,0.111,0.667,3.0,0.7,0.5,0.9,0.6,2.7
Guerschon Yabusele,30.0,NYK,C,41.0,8.9,0.393,0.294,0.667,2.1,0.4,0.1,0.1,0.4,2.7
Antonio Reeves,25.0,CHO,SG,10.0,6.8,0.5,0.538,,0.8,0.3,0.1,0.0,0.1,2.7
Pat Connaughton,33.0,CHO,SG,42.0,7.1,0.447,0.404,0.65,1.5,0.4,0.3,0.0,0.3,2.6
Christian Koloko,25.0,MEM,C,11.0,17.7,0.4,0.0,0.25,4.0,0.9,0.9,1.2,0.6,2.6
Jonathan Isaac,28.0,ORL,PF,52.0,10.0,0.422,0.184,0.603,2.5,0.4,0.4,0.6,0.3,2.6
John Tonje,24.0,BOS,SG,6.0,7.0,0.286,0.3,1.0,1.0,0.3,0.3,0.0,0.0,2.5
JD Davison,23.0,HOU,PG,28.0,7.8,0.375,0.25,0.684,1.2,1.3,0.2,0.2,0.3,2.5
Mo Bamba,27.0,2TM,C,4.0,11.0,0.455,,,5.5,0.3,0.0,0.8,0.5,2.5
Lachlan Olbrich,22.0,CHI,C,37.0,9.3,0.468,0.105,0.375,3.0,1.1,0.3,0.2,0.4,2.4
Chaz Lanier,24.0,DET,SG,34.0,7.7,0.315,0.284,0.833,0.7,0.5,0.2,0.0,0.1,2.4
Kevin McCullar Jr.,24.0,NYK,SF,21.0,7.4,0.426,0.333,0.4,1.3,1.0,0.4,0.0,0.6,2.4
Hunter Dickinson,25.0,NOP,C,5.0,8.4,0.357,0.0,1.0,1.0,0.4,0.2,0.4,0.6,2.4
Andre Jackson Jr.,24.0,MIL,SG,48.0,8.5,0.328,0.25,0.625,1.5,0.9,0.4,0.1,0.6,2.4
Lindy Waters III,28.0,SAS,SG,40.0,7.1,0.375,0.342,0.667,0.7,0.5,0.2,0.0,0.2,2.4
Amir Coffey,28.0,MIL,SG,30.0,8.8,0.473,0.28,0.867,0.9,0.4,0.1,0.1,0.1,2.4
Chris Boucher,33.0,BOS,PF,9.0,10.4,0.32,0.133,0.75,2.0,0.3,0.6,0.8,0.1,2.3
Caleb Houstan,23.0,ATL,SF,18.0,4.2,0.538,0.524,1.0,0.6,0.2,0.1,0.1,0.2,2.3
Luke Travers,24.0,CLE,SG,12.0,8.6,0.25,0.063,1.0,2.0,0.8,0.6,0.3,0.3,2.3
Leonard Miller,22.0,MIN,SF,19.0,5.0,0.545,0.083,0.636,1.3,0.3,0.2,0.0,0.5,2.3
Alijah Martin,24.0,TOR,SG,23.0,6.3,0.32,0.19,0.789,0.9,0.5,0.3,0.2,0.3,2.2
Jeff Green,39.0,HOU,PF,30.0,5.8,0.368,0.273,1.0,0.8,0.3,0.1,0.1,0.1,2.2
Ariel Hukporti,23.0,NYK,C,54.0,9.2,0.563,0.25,0.788,2.9,0.5,0.2,0.5,0.6,2.2
Tyus Jones,29.0,DEN,PG,11.0,8.4,0.346,0.375,0.0,1.3,1.2,0.1,0.0,0.5,2.2
Yang Hansen,20.0,POR,C,43.0,7.0,0.31,0.119,0.824,1.5,0.5,0.1,0.2,0.7,2.2
Tyrese Martin,26.0,PHI,SG,9.0,9.0,0.409,0.154,0.0,1.1,1.0,0.3,0.2,0.8,2.2
Hunter Tyson,25.0,DEN,PF,21.0,7.7,0.269,0.212,0.846,1.7,0.8,0.1,0.0,0.2,2.2
Xavier Tillman Sr.,27.0,BOS,C,14.0,7.9,0.452,0.2,,1.8,0.4,0.4,0.1,0.4,2.2
Chris Youngblood,23.0,2TM,SG,34.0,5.4,0.349,0.333,0.9,0.8,0.4,0.1,0.1,0.1,2.1
Trentyn Flowers,20.0,CHI,SF,2.0,3.0,0.667,0.0,,0.5,0.5,0.0,0.0,0.5,2.0
Johnny Juzang,24.0,MIN,SG,21.0,4.2,0.421,0.25,0.625,0.8,0.3,0.1,0.0,0.2,2.0
Colby Jones,23.0,DET,SG,1.0,7.0,0.333,0.0,,4.0,2.0,0.0,0.0,0.0,2.0
Dalano Banton,26.0,2TM,PG,6.0,10.3,0.333,0.0,1.0,0.8,1.8,0.3,0.8,1.3,2.0
Jayson Kent,23.0,POR,SF,5.0,4.4,0.571,0.25,1.0,1.0,0.0,0.2,0.2,0.0,2.0
Maxi Kleber,34.0,LAL,PF,43.0,10.7,0.452,0.231,0.538,2.0,0.6,0.4,0.3,0.4,2.0
Jordan McLaughlin,29.0,SAS,PG,44.0,6.4,0.418,0.425,0.857,0.7,0.9,0.5,0.0,0.3,2.0
Isaiah Crawford,24.0,HOU,SF,14.0,6.6,0.417,0.231,0.833,1.1,0.4,0.1,0.2,0.3,2.0
Alex Morales,28.0,ORL,PG,4.0,6.0,0.429,0.0,1.0,0.8,1.0,0.0,0.0,1.0,2.0
Charles Bassey,25.0,PHI,C,1.0,5.0,1.0,,,0.0,0.0,0.0,1.0,0.0,2.0
Keshon Gilbert,22.0,WAS,PG,3.0,16.0,0.25,0.0,1.0,1.7,1.0,0.7,1.3,2.0,2.0
Chris Youngblood,23.0,OKC,SG,32.0,5.4,0.333,0.314,0.9,0.9,0.3,0.1,0.1,0.1,2.0
Sean Pedulla,23.0,LAC,PG,7.0,4.4,0.333,0.3,,0.4,0.7,0.0,0.0,0.1,1.9
PJ Hall,23.0,MEM,C,7.0,3.9,0.556,0.333,0.667,1.3,0.3,0.0,0.3,0.1,1.9
Mason Plumlee,35.0,CHO,C,14.0,8.9,0.75,,0.667,2.9,1.1,0.4,0.0,0.6,1.9
Adou Thiero,21.0,LAL,SF,25.0,6.0,0.516,0.333,0.636,1.1,0.4,0.3,0.1,0.4,1.9
Orlando Robinson,25.0,ORL,C,4.0,6.3,0.6,0.5,,1.0,0.8,0.3,0.0,0.0,1.8
Cody Martin,30.0,IND,SF,4.0,13.8,0.2,0.0,0.5,3.5,0.5,1.0,0.5,1.0,1.8
Isaiah Livers,27.0,PHO,PF,36.0,9.6,0.344,0.3,0.75,1.7,0.6,0.4,0.2,0.3,1.8
Bobi Klintman,22.0,DET,SF,12.0,5.9,0.333,0.308,0.0,1.6,0.5,0.3,0.0,0.5,1.8
Trayce Jackson-Davis,25.0,TOR,C,17.0,5.0,0.5,,0.409,1.9,0.4,0.2,0.3,0.2,1.8
Jahmir Young,25.0,MIA,PG,14.0,4.1,0.4,0.333,1.0,0.3,0.6,0.1,0.0,0.2,1.8
Pacôme Dadiet,20.0,NYK,SG,29.0,4.7,0.333,0.219,0.818,0.9,0.4,0.1,0.0,0.1,1.7
Brooks Barnhizer,23.0,OKC,SG,40.0,8.7,0.38,0.292,0.7,2.0,0.6,0.3,0.1,0.3,1.7
Wendell Moore Jr.,24.0,DET,SG,6.0,10.0,0.571,0.0,1.0,1.0,0.7,0.3,0.3,0.2,1.7
Mason Plumlee,35.0,2TM,C,20.0,8.6,0.786,,0.643,2.7,1.0,0.5,0.0,0.6,1.6
Harrison Ingram,23.0,SAS,SF,7.0,3.7,0.833,1.0,,0.4,0.1,0.0,0.0,0.1,1.6
Jacob Toppin,25.0,ATL,SF,5.0,3.4,0.667,,,0.2,0.2,0.0,0.2,0.0,1.6
Joe Ingles,38.0,MIN,SF,27.0,5.7,0.593,0.438,1.0,0.7,1.3,0.3,0.1,0.5,1.5
Dalano Banton,26.0,BOS,PG,4.0,13.0,0.125,0.0,1.0,1.0,2.3,0.3,1.3,1.8,1.5
Isaac Jones,25.0,DET,PF,4.0,4.8,0.4,0.0,1.0,0.8,0.0,0.0,0.3,0.3,1.5
Xavier Tillman Sr.,27.0,2TM,C,30.0,6.1,0.435,0.167,0.25,1.4,0.4,0.3,0.2,0.3,1.5
Jonathan Mogbo,24.0,TOR,PF,40.0,6.2,0.591,0.0,0.643,1.7,0.6,0.3,0.2,0.4,1.5
Buddy Boeheim,26.0,OKC,SF,4.0,3.8,0.333,0.333,,0.0,0.0,0.0,0.0,0.0,1.5
Thanasis Antetokounmpo,33.0,MIL,SF,34.0,4.4,0.469,0.0,0.567,0.9,0.4,0.4,0.2,0.3,1.4
Amari Williams,24.0,BOS,PF,22.0,6.6,0.5,,0.714,1.8,0.5,0.1,0.5,0.5,1.4
Nigel Hayes-Davis,31.0,PHO,SF,27.0,7.2,0.326,0.125,0.5,1.2,0.3,0.3,0.1,0.3,1.3
Isaac Jones,25.0,2TM,PF,7.0,5.1,0.429,0.0,0.75,0.7,0.1,0.0,0.1,0.1,1.3
TyTy Washington Jr.,24.0,LAC,PG,16.0,5.5,0.474,0.375,,0.4,1.1,0.4,0.2,0.2,1.3
Dillon Jones,24.0,NYK,SF,7.0,5.6,0.222,0.2,1.0,1.0,0.6,0.4,0.0,0.0,1.3
Colin Castleton,25.0,ORL,C,4.0,5.3,0.4,,1.0,2.0,0.3,0.3,0.0,0.5,1.3
Kyle Lowry,39.0,PHI,PG,14.0,8.4,0.16,0.16,0.833,0.6,0.8,0.1,0.1,0.3,1.2
Javonte Cooke,26.0,POR,SG,19.0,4.9,0.22,0.13,1.0,1.0,0.4,0.3,0.0,0.5,1.2
KJ Simpson,23.0,DEN,PG,6.0,5.7,0.3,0.0,0.5,1.3,1.3,0.2,0.0,0.2,1.2
Isaac Jones,25.0,SAC,PF,3.0,5.7,0.5,0.0,0.5,0.7,0.3,0.0,0.0,0.0,1.0
Trey Jemison,26.0,NYK,C,13.0,6.3,0.6,,1.0,1.4,0.4,0.1,0.2,0.8,1.0
Trevor Keels,22.0,MIA,SG,8.0,1.9,0.25,0.222,,0.3,0.0,0.1,0.0,0.0,1.0
Hunter Sallis,22.0,PHI,SG,7.0,3.7,0.6,,0.5,0.1,0.6,0.0,0.1,0.7,1.0
Dario Šarić,31.0,SAC,C,5.0,8.2,0.167,0.333,1.0,1.2,0.4,0.0,0.0,0.4,1.0
Stanley Umude,26.0,SAS,SG,2.0,3.5,0.5,0.0,,0.0,0.5,0.5,0.0,0.0,1.0
Bismack Biyombo,33.0,SAS,C,25.0,5.6,0.6,,0.714,1.0,0.2,0.2,0.1,0.3,0.9
Johni Broome,23.0,PHI,C,11.0,5.0,0.167,0.0,0.333,1.5,0.4,0.3,0.2,0.3,0.9
Vladislav Goldin,24.0,MIA,C,9.0,2.7,0.75,,1.0,1.0,0.3,0.0,0.3,0.3,0.8
N'Faly Dante,24.0,ATL,C,4.0,3.8,0.25,,1.0,1.8,0.0,0.5,0.0,0.3,0.8
Chris Mañon,24.0,LAL,SG,9.0,5.1,0.333,0.0,0.75,1.1,0.3,0.6,0.2,0.1,0.8
Drew Peterson,26.0,CHO,PF,6.0,10.7,0.125,0.0,0.5,1.5,0.3,0.5,0.2,0.0,0.8
Markelle Fultz,27.0,TOR,PG,5.0,7.2,0.182,,,0.2,1.6,0.4,0.0,0.8,0.8
Garrett Temple,39.0,TOR,SG,22.0,3.3,0.267,0.25,0.667,0.4,0.4,0.2,0.1,0.3,0.8
Mason Plumlee,35.0,SAS,C,6.0,7.8,1.0,,0.5,2.2,0.7,0.7,0.0,0.5,0.8
Xavier Tillman Sr.,27.0,CHO,C,16.0,4.5,0.4,0.0,0.25,1.1,0.5,0.2,0.2,0.2,0.8
Max Shulga,23.0,BOS,SG,11.0,3.3,0.25,0.25,1.0,0.5,0.2,0.1,0.0,0.3,0.6
Jahmyl Telfort,24.0,LAC,PF,8.0,4.0,0.0,0.0,0.25,0.4,0.1,0.1,0.0,0.1,0.1
Darius Brown II,26.0,CLE,SG,1.0,3.0,0.0,,,1.0,0.0,0.0,0.0,0.0,0.0
Tosan Evbuomwan,24.0,NYK,SF,5.0,1.6,0.0,,,0.4,0.0,0.0,0.0,0.0,0.0
Noa Essengue,19.0,CHI,PF,2.0,3.0,0.0,0.0,,0.0,0.0,0.5,0.0,0.0,0.0
RayJ Dennis,24.0,LAC,PG,1.0,4.0,,,,2.0,0.0,0.0,0.0,1.0,0.0
Patrick Baldwin Jr.,23.0,PHI,SF,1.0,2.0,,,,1.0,0.0,0.0,0.0,0.0,0.0
Christian Koloko,25.0,LAL,C,2.0,3.0,,,,0.5,0.0,0.0,0.0,0.0,0.0
Mo Bamba,27.0,TOR,C,2.0,3.0,0.0,,,1.0,0.0,0.0,0.5,0.0,0.0
Chucky Hepburn,22.0,TOR,PG,2.0,6.5,0.0,0.0,,0.5,1.0,0.5,0.0,0.5,0.0
League Average,,,,,,0.471,0.36,0.783,,,,,,
